state,commodity,modal_price
Andhra Pradesh,Groundnut,4000.0
Andhra Pradesh,Tamarind Fruit,5800.0
Andhra Pradesh,Tamarind Seed,1800.0
Andhra Pradesh,Gur(Jaggery),3000.0
Andhra Pradesh,Gur(Jaggery),2500.0
Andhra Pradesh,Tomato,380.0
Andhra Pradesh,Tomato,240.0
Andhra Pradesh,Tomato,200.0
Andhra Pradesh,Beetroot,300.0
Andhra Pradesh,Bhindi(Ladies Finger),800.0
Andhra Pradesh,Bitter Gourd,550.0
Andhra Pradesh,Bottle Gourd,150.0
Andhra Pradesh,Brinjal,400.0
Andhra Pradesh,Cabbage,230.0
Andhra Pradesh,Carrot,1050.0
Andhra Pradesh,Cauliflower,300.0
Andhra Pradesh,Cluster Beans,1100.0
Andhra Pradesh,Green Chilli,1400.0
Andhra Pradesh,Potato,1000.0
Andhra Pradesh,Raddish,400.0
Andhra Pradesh,Ridgeguard(Tori),1500.0
Andhra Pradesh,Sweet Potato,2000.0
Andhra Pradesh,Tomato,460.0
Andhra Pradesh,Groundnut,3500.0
Andhra Pradesh,Gur(Jaggery),2600.0
Andhra Pradesh,Tomato,250.0
Andhra Pradesh,Gur(Jaggery),2000.0
Andhra Pradesh,Gur(Jaggery),2250.0
Andhra Pradesh,Ground Nut Seed,6300.0
Andhra Pradesh,Groundnut (Split),4583.0
Andhra Pradesh,Paddy(Dhan),1466.0
Andhra Pradesh,Paddy(Dhan),1700.0
Andhra Pradesh,Banana,150.0
Andhra Pradesh,Paddy(Dhan),1550.0
Andhra Pradesh,Banana,200.0
Andhra Pradesh,Banana,450.0
Andhra Pradesh,Turmeric,4800.0
Andhra Pradesh,Turmeric,6500.0
Andhra Pradesh,Cotton,4600.0
Andhra Pradesh,Cotton,4800.0
Andhra Pradesh,Paddy(Dhan),2000.0
Andhra Pradesh,Maize,1400.0
Andhra Pradesh,Paddy(Dhan),1650.0
Andhra Pradesh,Bengal Gram(Gram),5000.0
Andhra Pradesh,Maize,1425.0
Andhra Pradesh,Sunflower,4000.0
Andhra Pradesh,Bengal Gram(Gram),3950.0
Andhra Pradesh,Jowar(Sorghum),1400.0
Andhra Pradesh,Paddy(Dhan),1450.0
Andhra Pradesh,Rice,3500.0
Andhra Pradesh,Lemon,1500.0
Andhra Pradesh,Cashew Kernnel,12000.0
Andhra Pradesh,Cotton,4500.0
Andhra Pradesh,Rice,3000.0
Andhra Pradesh,Cashewnuts,12800.0
Andhra Pradesh,Paddy(Dhan),1570.0
Andhra Pradesh,Maize,1430.0
Andhra Pradesh,Paddy(Dhan),1590.0
Andhra Pradesh,Maize,1450.0
Andhra Pradesh,Coconut,6500.0
Andhra Pradesh,Paddy(Dhan),1480.0
Andhra Pradesh,Lime,1500.0
Andhra Pradesh,Paddy(Dhan),1540.0
Andhra Pradesh,Rice,2400.0
Andhra Pradesh,Maize,1410.0
Andhra Pradesh,Paddy(Dhan),1470.0
Andhra Pradesh,Black Gram (Urd Beans),4800.0
Assam,Black Gram (Urd Beans),2800.0
Assam,Corriander Seed,3250.0
Assam,Jute,3850.0
Assam,Mustard,3375.0
Assam,Brinjal,1100.0
Assam,Cabbage,350.0
Assam,Cauliflower,1100.0
Assam,Cucumbar(Kheera),1100.0
Assam,Fish,35000.0
Assam,Fish,45000.0
Assam,Green Chilli,2800.0
Assam,Maida Atta,2200.0
Assam,Mustard Oil,9000.0
Assam,Onion,3200.0
Assam,Paddy(Dhan),1590.0
Assam,Paddy(Dhan),1710.0
Assam,Potato,610.0
Assam,Pumpkin,900.0
Assam,Rice,1350.0
Assam,Rice,2400.0
Assam,Rice,2700.0
Assam,Tomato,500.0
Assam,Bottle Gourd,900.0
Assam,Brinjal,1300.0
Assam,Cabbage,450.0
Assam,Carrot,850.0
Assam,Cauliflower,850.0
Assam,Field Pea,1900.0
Assam,French Beans (Frasbean),1500.0
Assam,Green Chilli,3400.0
Assam,Indian Beans (Seam),1750.0
Assam,Knool Khol,550.0
Assam,Potato,750.0
Assam,Pumpkin,750.0
Assam,Raddish,450.0
Assam,Tomato,650.0
Assam,Jute,2700.0
Assam,Maida Atta,2360.0
Assam,Potato,800.0
Assam,Rice,4500.0
Assam,Wheat Atta,2100.0
Assam,Green Gram (Moong),7500.0
Assam,Potato,1100.0
Assam,Rice,2250.0
Assam,Rice,4000.0
Assam,Onion,2950.0
Assam,Rice,3200.0
Assam,Wheat Atta,2400.0
Assam,Arecanut(Betelnut/Supari),1400.0
Assam,Green Gram Dal (Moong Dal),6625.0
Assam,Lentil(Masur),6075.0
Assam,Maida Atta,1185.0
Assam,Mustard Oil,10150.5
Assam,Onion,3250.0
Assam,Potato,725.0
Assam,Rice,2900.0
Assam,Rice,4800.0
Assam,Wheat Atta,1175.0
Assam,Lentil(Masur),5800.0
Assam,Rice,2350.0
Assam,Lentil(Masur),6000.0
Assam,Rice,2600.0
Assam,Rice,3400.0
Assam,Rice,6500.0
Assam,Green Gram Dal (Moong Dal),6750.0
Assam,Lentil(Masur),4825.0
Assam,Maida Atta,2500.0
Assam,Rice,2500.0
Assam,Rice,3300.0
Assam,Rice,4900.0
Assam,Green Gram Dal (Moong Dal),6900.0
Assam,Maida Atta,2350.0
Assam,Onion,3050.0
Assam,Rice,2550.0
Assam,Rice,3650.0
Assam,Rice,6300.0
Assam,Wheat Atta,2250.0
Chattisgarh,Paddy(Dhan),1425.0
Chattisgarh,Paddy(Dhan),1550.0
Chattisgarh,Maize,1200.0
Chattisgarh,Paddy(Dhan),1400.0
Chattisgarh,Apple,10000.0
Chattisgarh,Banana - Green,900.0
Chattisgarh,Bhindi(Ladies Finger),2250.0
Chattisgarh,Bitter Gourd,2750.0
Chattisgarh,Bottle Gourd,800.0
Chattisgarh,Brinjal,750.0
Chattisgarh,Cabbage,1100.0
Chattisgarh,Capsicum,1250.0
Chattisgarh,Carrot,1100.0
Chattisgarh,Cauliflower,750.0
Chattisgarh,Chikoos(Sapota),3500.0
Chattisgarh,Cucumbar(Kheera),900.0
Chattisgarh,Green Chilli,3250.0
Chattisgarh,Guar,1750.0
Chattisgarh,Karbuja(Musk Melon),2750.0
Chattisgarh,Lemon,3500.0
Chattisgarh,Little Gourd (Kundru),900.0
Chattisgarh,Methi(Leaves),550.0
Chattisgarh,Mousambi(Sweet Lime),4000.0
Chattisgarh,Onion,1900.0
Chattisgarh,Orange,3250.0
Chattisgarh,Paddy(Dhan),1575.0
Chattisgarh,Paddy(Dhan),1592.0
Chattisgarh,Potato,650.0
Chattisgarh,Pumpkin,650.0
Chattisgarh,Raddish,450.0
Chattisgarh,Sweet Potato,1250.0
Chattisgarh,Tomato,500.0
Chattisgarh,Water Melon,1250.0
Chattisgarh,Paddy(Dhan),1548.0
Chattisgarh,Paddy(Dhan),1553.0
Chattisgarh,Paddy(Dhan),1700.0
Chattisgarh,Mahua,2500.0
Chattisgarh,Paddy(Dhan),1555.0
Chattisgarh,Paddy(Dhan),1487.0
Chattisgarh,Paddy(Dhan),1500.0
Chattisgarh,Onion,2800.0
Chattisgarh,Potato,500.0
Chattisgarh,Tomato,800.0
Chattisgarh,Paddy(Dhan),1503.0
Chattisgarh,Paddy(Dhan),1300.0
Chattisgarh,Paddy(Dhan),1520.0
Chattisgarh,Bhindi(Ladies Finger),3500.0
Chattisgarh,Lemon,4500.0
Chattisgarh,Tomato,200.0
Chattisgarh,Groundnut,4455.0
Goa,Arecanut(Betelnut/Supari),17500.0
Goa,Arecanut(Betelnut/Supari),20500.0
Goa,Arecanut(Betelnut/Supari),18500.0
Goa,Coconut,1300.0
Goa,Arecanut(Betelnut/Supari),18700.0
Goa,Arecanut(Betelnut/Supari),21700.0
Goa,Arecanut(Betelnut/Supari),19700.0
Gujarat,Brinjal,750.0
Gujarat,Carrot,900.0
Gujarat,Cauliflower,425.0
Gujarat,Green Chilli,2150.0
Gujarat,Lemon,1300.0
Gujarat,Arhar (Tur/Red Gram),4005.0
Gujarat,Black Gram (Urd Beans),3500.0
Gujarat,Castor Seed,3915.0
Gujarat,Cotton,4800.0
Gujarat,Cummin Seed(Jeera),18220.0
Gujarat,Jowar(Sorghum),3020.0
Gujarat,Maize,1405.0
Gujarat,Methi Seeds,2675.0
Gujarat,"Sesamum(Sesame,Gingelly,Til)",7415.0
Gujarat,"Sesamum(Sesame,Gingelly,Til)",8250.0
Gujarat,Soyabean,3375.0
Gujarat,Wheat,1690.0
Gujarat,Cotton,4415.0
Gujarat,Bajra(Pearl Millet/Cumbu),1380.0
Gujarat,Black Gram (Urd Beans),4025.0
Gujarat,Castor Seed,3750.0
Gujarat,Cotton,4613.0
Gujarat,Cummin Seed(Jeera),17000.0
Gujarat,Green Gram (Moong),5125.0
Gujarat,"Sesamum(Sesame,Gingelly,Til)",6875.0
Gujarat,"Sesamum(Sesame,Gingelly,Til)",7475.0
Gujarat,Wheat,1725.0
Gujarat,Bottle Gourd,450.0
Gujarat,Brinjal,600.0
Gujarat,Carrot,800.0
Gujarat,Cauliflower,600.0
Gujarat,Bajra(Pearl Millet/Cumbu),1090.0
Gujarat,Mustard,3150.0
Gujarat,Wheat,1560.0
Gujarat,Bajra(Pearl Millet/Cumbu),1100.0
Gujarat,Guar Seed(Cluster Beans Seed),3878.0
Gujarat,Wheat,1639.0
Gujarat,Cotton,5110.0
Gujarat,Mustard,3295.0
Gujarat,Soanf,9750.0
Gujarat,Bajra(Pearl Millet/Cumbu),1300.0
Gujarat,Castor Seed,4055.0
Gujarat,Groundnut,3375.0
Gujarat,Mustard,3375.0
Gujarat,Wheat,1750.0
Gujarat,Bajra(Pearl Millet/Cumbu),1250.0
Gujarat,Castor Seed,4070.0
Gujarat,Cotton,4155.0
Gujarat,Guar Seed(Cluster Beans Seed),4095.0
Gujarat,Mustard,3325.0
Gujarat,Wheat,1595.0
Gujarat,Bottle Gourd,375.0
Gujarat,Green Chilli,2250.0
Gujarat,Lemon,2250.0
Gujarat,Castor Seed,4040.0
Gujarat,Guar Seed(Cluster Beans Seed),4060.0
Gujarat,Mustard,3350.0
Gujarat,"Sesamum(Sesame,Gingelly,Til)",7125.0
Gujarat,Arhar (Tur/Red Gram),3465.0
Gujarat,Bajra(Pearl Millet/Cumbu),1200.0
Gujarat,Castor Seed,4045.0
Gujarat,Cummin Seed(Jeera),17400.0
Gujarat,Guar Seed(Cluster Beans Seed),3981.0
Gujarat,Mustard,3250.0
Gujarat,Wheat,1600.0
Gujarat,Bajra(Pearl Millet/Cumbu),1875.0
Gujarat,Bajra(Pearl Millet/Cumbu),1320.0
Gujarat,Castor Seed,4100.0
Gujarat,Cummin Seed(Jeera),16750.0
Gujarat,Green Gram (Moong),4125.0
Gujarat,Guar Seed(Cluster Beans Seed),4200.0
Gujarat,Mustard,3425.0
Gujarat,Bajra(Pearl Millet/Cumbu),1850.0
Gujarat,Mustard,3440.0
Gujarat,Bajra(Pearl Millet/Cumbu),1132.5
Gujarat,Castor Seed,4050.0
Gujarat,Guar Seed(Cluster Beans Seed),4057.5
Gujarat,Wheat,1752.5
Gujarat,Bottle Gourd,425.0
Gujarat,Brinjal,1100.0
Gujarat,Coriander(Leaves),600.0
Gujarat,Ginger(Green),2450.0
Gujarat,Green Chilli,2525.0
Gujarat,Lemon,1175.0
Gujarat,Tomato,600.0
Gujarat,Arhar (Tur/Red Gram),3400.0
Gujarat,Bajra(Pearl Millet/Cumbu),1500.0
Gujarat,Castor Seed,3600.0
Gujarat,Cotton,4600.0
Gujarat,Jowar(Sorghum),1800.0
Gujarat,Maize,1500.0
Gujarat,Wheat,2200.0
Gujarat,Arhar (Tur/Red Gram),3500.0
Gujarat,Castor Seed,3500.0
Gujarat,Jowar(Sorghum),1900.0
Gujarat,Castor Seed,3710.0
Gujarat,Groundnut,3400.0
Gujarat,Groundnut,3500.0
Gujarat,"Sesamum(Sesame,Gingelly,Til)",7750.0
Gujarat,Black Gram (Urd Beans),1750.0
Gujarat,Wheat,1625.0
Gujarat,Arhar (Tur/Red Gram),3900.0
Gujarat,Arhar (Tur/Red Gram),4500.0
Gujarat,Bajra(Pearl Millet/Cumbu),1150.0
Gujarat,Beans,4300.0
Gujarat,Bengal Gram(Gram),3630.0
Gujarat,Black Gram (Urd Beans),3600.0
Gujarat,Castor Seed,3650.0
Gujarat,Corriander Seed,7500.0
Gujarat,Green Gram (Moong),3500.0
Gujarat,Groundnut,3800.0
Gujarat,Jowar(Sorghum),1200.0
Gujarat,Maize,1240.0
Gujarat,Soyabean,3680.0
Gujarat,Bottle Gourd,500.0
Gujarat,Coriander(Leaves),500.0
Gujarat,Ginger(Green),3200.0
Gujarat,Green Chilli,3200.0
Gujarat,Lemon,1800.0
Gujarat,Onion,1500.0
Gujarat,Potato,500.0
Gujarat,Tomato,400.0
Gujarat,Maize,1435.0
Gujarat,Bajra(Pearl Millet/Cumbu),1232.0
Gujarat,Castor Seed,3977.0
Gujarat,Wheat,1667.0
Gujarat,Bajra(Pearl Millet/Cumbu),1212.0
Gujarat,Castor Seed,3950.0
Gujarat,Wheat,1647.0
Gujarat,Bajra(Pearl Millet/Cumbu),1225.0
Gujarat,Guar Seed(Cluster Beans Seed),4150.0
Gujarat,Brinjal,1500.0
Gujarat,Carrot,1000.0
Gujarat,Cauliflower,500.0
Gujarat,Green Chilli,2500.0
Gujarat,Lemon,1500.0
Gujarat,Groundnut,3450.0
Gujarat,Black Gram (Urd Beans),3545.0
Gujarat,Castor Seed,3470.0
Gujarat,Cotton,4775.0
Gujarat,Cummin Seed(Jeera),15125.0
Gujarat,Groundnut,2960.0
Gujarat,Guar Seed(Cluster Beans Seed),3710.0
Gujarat,Mustard,3085.0
Gujarat,"Sesamum(Sesame,Gingelly,Til)",8035.0
Gujarat,Wheat,1670.0
Gujarat,Arhar (Tur/Red Gram),3878.0
Gujarat,Black Gram (Urd Beans),3365.0
Gujarat,Castor Seed,3553.0
Gujarat,Cotton,4700.0
Gujarat,Cummin Seed(Jeera),17213.0
Gujarat,Groundnut,3390.0
Gujarat,"Sesamum(Sesame,Gingelly,Til)",7175.0
Gujarat,Wheat,1653.0
Gujarat,Arhar (Tur/Red Gram),4200.0
Gujarat,Bajra(Pearl Millet/Cumbu),1070.0
Gujarat,Beans,2750.0
Gujarat,Castor Seed,3900.0
Gujarat,Corriander Seed,4250.0
Gujarat,Cotton,4625.0
Gujarat,Green Gram (Moong),3000.0
Gujarat,Ground Nut Seed,4550.0
Gujarat,Groundnut (Split),4000.0
Gujarat,Guar Seed(Cluster Beans Seed),4000.0
Gujarat,Kulthi(Horse Gram),3555.0
Gujarat,"Sesamum(Sesame,Gingelly,Til)",7350.0
Gujarat,"Sesamum(Sesame,Gingelly,Til)",6500.0
Gujarat,Soyabean,3250.0
Gujarat,Wheat,1550.0
Gujarat,Cotton,4867.0
Gujarat,Bajra(Pearl Millet/Cumbu),1330.0
Gujarat,Corriander Seed,5000.0
Gujarat,Groundnut,3925.0
Gujarat,Groundnut,3625.0
Gujarat,Jowar(Sorghum),3100.0
Gujarat,Brinjal,1000.0
Gujarat,Carrot,1600.0
Gujarat,Cauliflower,1250.0
Gujarat,Green Chilli,1350.0
Gujarat,Lemon,4200.0
Gujarat,Arhar (Tur/Red Gram),4125.0
Gujarat,Black Gram (Urd Beans),3470.0
Gujarat,Cotton,4650.0
Gujarat,Cummin Seed(Jeera),16375.0
Gujarat,Ground Nut Seed,4025.0
Gujarat,Groundnut,3340.0
Gujarat,Methi Seeds,2400.0
Gujarat,Onion,1300.0
Gujarat,"Sesamum(Sesame,Gingelly,Til)",7000.0
Gujarat,"Sesamum(Sesame,Gingelly,Til)",7325.0
Gujarat,Wheat,1660.0
Gujarat,Castor Seed,4010.0
Gujarat,Cotton,5000.0
Gujarat,Jowar(Sorghum),3350.0
Gujarat,Castor Seed,3960.0
Gujarat,Guar Seed(Cluster Beans Seed),4130.0
Gujarat,"Sesamum(Sesame,Gingelly,Til)",7938.0
Gujarat,Castor Seed,4000.0
Gujarat,Cummin Seed(Jeera),14755.0
Gujarat,Guar Seed(Cluster Beans Seed),3910.0
Gujarat,Cotton,4850.0
Gujarat,Paddy(Dhan),1560.0
Gujarat,Brinjal,500.0
Gujarat,Bottle Gourd,350.0
Gujarat,Coriander(Leaves),300.0
Gujarat,Ginger(Green),1925.0
Gujarat,Lemon,950.0
Gujarat,Onion,1975.0
Gujarat,Potato,750.0
Gujarat,Tomato,300.0
Gujarat,Black Gram (Urd Beans),4372.0
Gujarat,Castor Seed,3975.0
Gujarat,Cotton,4927.0
Gujarat,Cummin Seed(Jeera),16015.0
Gujarat,Green Gram (Moong),4527.0
Gujarat,Methi Seeds,2437.0
Gujarat,Mustard,3202.0
Gujarat,Arhar (Tur/Red Gram),3975.0
Gujarat,Bajra(Pearl Millet/Cumbu),1140.0
Gujarat,Black Gram (Urd Beans),3875.0
Gujarat,Guar Seed(Cluster Beans Seed),4300.0
Gujarat,Methi Seeds,2655.0
Gujarat,Mustard,3200.0
Gujarat,Cotton,5075.0
Gujarat,Ajwan,6500.0
Gujarat,Corriander Seed,5300.0
Gujarat,Cummin Seed(Jeera),18200.0
Gujarat,Isabgul (Psyllium),9650.0
Gujarat,Soanf,7375.0
Gujarat,Suva (Dill Seed),4975.0
Gujarat,Arhar (Tur/Red Gram),3480.0
Gujarat,Bajra(Pearl Millet/Cumbu),1195.0
Gujarat,Black Gram (Urd Beans),3827.0
Gujarat,Castor Seed,3980.0
Gujarat,Cotton,4755.0
Gujarat,Guar Seed(Cluster Beans Seed),4030.0
Gujarat,Jowar(Sorghum),3287.0
Gujarat,Methi Seeds,2487.0
Gujarat,Mustard,3130.0
Gujarat,"Sesamum(Sesame,Gingelly,Til)",6732.0
Gujarat,Wheat,1695.0
Gujarat,Cummin Seed(Jeera),15000.0
Gujarat,Groundnut,3300.0
Gujarat,"Sesamum(Sesame,Gingelly,Til)",8000.0
Gujarat,Maize,1340.0
Gujarat,Wheat,1685.0
Gujarat,Maize,1350.0
Gujarat,Wheat,1680.0
Gujarat,Bajra(Pearl Millet/Cumbu),1175.0
Gujarat,Castor Seed,4033.0
Gujarat,Cotton,4647.0
Gujarat,Guar Seed(Cluster Beans Seed),4027.0
Gujarat,Jowar(Sorghum),3845.0
Gujarat,Mustard,3217.0
Gujarat,Wheat,1722.0
Gujarat,Beans,2925.0
Gujarat,Black Gram (Urd Beans),2375.0
Gujarat,Corriander Seed,4200.0
Gujarat,Cummin Seed(Jeera),14960.0
Gujarat,Green Gram (Moong),4550.0
Gujarat,Ground Nut Seed,3675.0
Gujarat,Wheat,1515.0
Gujarat,Wheat,1545.0
Gujarat,Castor Seed,3880.0
Gujarat,Groundnut,3605.0
Gujarat,Maize,1505.0
Gujarat,Wheat,1640.0
Gujarat,Arhar (Tur/Red Gram),3700.0
Gujarat,Black Gram (Urd Beans),2950.0
Gujarat,Castor Seed,2625.0
Gujarat,Cummin Seed(Jeera),16250.0
Gujarat,Groundnut,3555.0
Gujarat,Jowar(Sorghum),3250.0
Gujarat,Kulthi(Horse Gram),2050.0
Gujarat,Methi Seeds,2500.0
Gujarat,Mustard,4500.0
Gujarat,"Sesamum(Sesame,Gingelly,Til)",6900.0
Gujarat,Soyabean,3125.0
Gujarat,Bajra(Pearl Millet/Cumbu),1440.0
Gujarat,Brinjal,950.0
Gujarat,Castor Seed,3745.0
Gujarat,Cummin Seed(Jeera),15975.0
Gujarat,Groundnut,2800.0
Gujarat,Jowar(Sorghum),3240.0
Gujarat,"Sesamum(Sesame,Gingelly,Til)",7635.0
Gujarat,Tomato,650.0
Gujarat,Arhar (Tur/Red Gram),4150.0
Gujarat,Bengal Gram(Gram),3600.0
Gujarat,Black Gram (Urd Beans),3750.0
Gujarat,Castor Seed,3850.0
Gujarat,Corriander Seed,5500.0
Gujarat,Cummin Seed(Jeera),16000.0
Gujarat,Garlic,1100.0
Gujarat,Green Gram (Moong),4500.0
Gujarat,Groundnut,3550.0
Gujarat,Jowar(Sorghum),3000.0
Gujarat,Maize,1400.0
Gujarat,Methi Seeds,3000.0
Gujarat,"Sesamum(Sesame,Gingelly,Til)",7500.0
Gujarat,Wheat,1675.0
Gujarat,Wheat,1875.0
Gujarat,Bottle Gourd,400.0
Gujarat,Brinjal,425.0
Gujarat,Cluster Beans,4500.0
Gujarat,Ginger(Green),2750.0
Gujarat,Green Chilli,1500.0
Gujarat,Lemon,875.0
Gujarat,Onion,1400.0
Gujarat,Potato,450.0
Gujarat,Tomato,450.0
Gujarat,Arhar (Tur/Red Gram),4475.0
Gujarat,Black Gram (Urd Beans),3525.0
Gujarat,Cotton,4943.0
Gujarat,Groundnut,3088.0
Gujarat,Guar Seed(Cluster Beans Seed),4063.0
Gujarat,Maize,1275.0
Gujarat,Soyabean,3200.0
Gujarat,Maize,1225.0
Gujarat,Mustard,3000.0
Gujarat,Maize,1325.0
Gujarat,Soyabean,3557.0
Gujarat,Wheat,1712.0
Gujarat,Black Gram (Urd Beans),3400.0
Gujarat,Groundnut,3350.0
Gujarat,Maize,1150.0
Gujarat,Black Gram (Urd Beans),3350.0
Gujarat,Castor Seed,3700.0
Gujarat,Cotton,4750.0
Gujarat,Bajra(Pearl Millet/Cumbu),1240.0
Gujarat,Castor Seed,4038.0
Gujarat,Guar Seed(Cluster Beans Seed),4163.0
Gujarat,Mustard,3175.0
Gujarat,Castor Seed,4025.0
Gujarat,Cotton,5100.0
Gujarat,Maize,1468.0
Gujarat,Wheat,1655.0
Gujarat,Cotton,4621.0
Gujarat,Maize,950.0
Gujarat,Brinjal,650.0
Gujarat,Carrot,925.0
Gujarat,Green Chilli,3250.0
Gujarat,Lemon,1125.0
Gujarat,Arhar (Tur/Red Gram),4050.0
Gujarat,Arhar (Tur/Red Gram),4000.0
Gujarat,Black Gram (Urd Beans),3250.0
Gujarat,Cauliflower,750.0
Gujarat,Groundnut,3125.0
Gujarat,Jowar(Sorghum),2075.0
Gujarat,Soyabean,3475.0
Gujarat,Mustard,2750.0
Gujarat,Soanf,5750.0
Gujarat,Wheat,1525.0
Gujarat,Bottle Gourd,600.0
Gujarat,Brinjal,300.0
Gujarat,Carrot,1550.0
Gujarat,Cauliflower,450.0
Gujarat,Green Chilli,2750.0
Gujarat,Lemon,2000.0
Gujarat,Arhar (Tur/Red Gram),4225.0
Gujarat,Bajra(Pearl Millet/Cumbu),1075.0
Gujarat,Castor Seed,3875.0
Gujarat,Jowar(Sorghum),2525.0
Gujarat,"Sesamum(Sesame,Gingelly,Til)",6475.0
Gujarat,Arhar (Tur/Red Gram),3475.0
Haryana,Carrot,800.0
Haryana,Cauliflower,600.0
Haryana,Ginger(Green),3000.0
Haryana,Green Chilli,4000.0
Haryana,Methi(Leaves),1000.0
Haryana,Raddish,300.0
Haryana,Tomato,1400.0
Haryana,Apple,6000.0
Haryana,Bhindi(Ladies Finger),5000.0
Haryana,Bottle Gourd,1000.0
Haryana,Brinjal,1500.0
Haryana,Cabbage,700.0
Haryana,Capsicum,3000.0
Haryana,Carrot,500.0
Haryana,Cauliflower,400.0
Haryana,Coriander(Leaves),650.0
Haryana,Cucumbar(Kheera),2000.0
Haryana,Garlic,3000.0
Haryana,Ginger(Dry),3000.0
Haryana,Grapes,4200.0
Haryana,Green Chilli,5000.0
Haryana,Jack Fruit,3000.0
Haryana,Kinnow,2500.0
Haryana,Lemon,2500.0
Haryana,Methi(Leaves),700.0
Haryana,Onion,2500.0
Haryana,Onion Green,1000.0
Haryana,Peas Wet,1850.0
Haryana,Potato,300.0
Haryana,Pumpkin,1000.0
Haryana,Spinach,400.0
Haryana,Tomato,800.0
Haryana,Turnip,500.0
Haryana,Yam (Ratalu),3000.0
Haryana,Apple,3100.0
Haryana,Banana,2500.0
Haryana,Brinjal,1000.0
Haryana,Carrot,600.0
Haryana,Coriander(Leaves),807.0
Haryana,Kinnow,2200.0
Haryana,Peas Wet,1500.0
Haryana,Potato,315.0
Haryana,Raddish,400.0
Haryana,Spinach,396.0
Haryana,Tomato,600.0
Haryana,Apple,4500.0
Haryana,Banana,1200.0
Haryana,Bitter Gourd,1400.0
Haryana,Carrot,700.0
Haryana,Cucumbar(Kheera),1900.0
Haryana,Ginger(Green),2900.0
Haryana,Green Chilli,2600.0
Haryana,Green Peas,1800.0
Haryana,Guava,3100.0
Haryana,Lemon,2300.0
Haryana,Pomegranate,4500.0
Haryana,Potato,450.0
Haryana,Raddish,600.0
Haryana,Tomato,900.0
Haryana,Apple,5000.0
Haryana,Apple,3500.0
Haryana,Cabbage,300.0
Haryana,Chikoos(Sapota),2250.0
Haryana,Cucumbar(Kheera),1350.0
Haryana,Grapes,3500.0
Haryana,Green Chilli,2900.0
Haryana,Onion,2250.0
Haryana,Peas Wet,1250.0
Haryana,Pomegranate,3500.0
Haryana,Potato,550.0
Haryana,Raddish,250.0
Haryana,Tomato,1000.0
Haryana,Apple,8500.0
Haryana,Banana,2100.0
Haryana,Grapes,5000.0
Haryana,Pomegranate,8500.0
Haryana,Potato,475.0
Haryana,Apple,5500.0
Haryana,Banana,1000.0
Haryana,Cabbage,1400.0
Haryana,Chikoos(Sapota),4200.0
Haryana,Cucumbar(Kheera),1500.0
Haryana,Ginger(Green),3100.0
Haryana,Green Chilli,1900.0
Haryana,Kinnow,3500.0
Haryana,Onion,2400.0
Haryana,Pomegranate,7000.0
Haryana,Potato,500.0
Haryana,Sweet Potato,1400.0
Haryana,Tomato,1100.0
Haryana,Apple,4800.0
Haryana,Banana,3600.0
Haryana,Carrot,1300.0
Haryana,Green Chilli,1700.0
Haryana,Mousambi(Sweet Lime),2800.0
Haryana,Potato,600.0
Haryana,Raddish,1000.0
Haryana,Apple,4000.0
Haryana,Cabbage,600.0
Haryana,Carrot,450.0
Haryana,Cauliflower,1100.0
Haryana,Ginger(Dry),2700.0
Haryana,Grapes,4800.0
Haryana,Kinnow,2000.0
Haryana,Methi(Leaves),900.0
Haryana,Onion Green,2700.0
Haryana,Potato,400.0
Haryana,Raddish,500.0
Haryana,Tomato,850.0
Haryana,Ber(Zizyphus/Borehannu),1400.0
Haryana,Cabbage,2000.0
Haryana,Cauliflower,800.0
Haryana,Chikoos(Sapota),3000.0
Haryana,Grapes,4500.0
Haryana,Lemon,4000.0
Haryana,Mousambi(Sweet Lime),3000.0
Haryana,Pomegranate,5000.0
Haryana,Potato,480.0
Haryana,Tomato,1200.0
Haryana,Cotton,5390.0
Haryana,Cotton,5220.0
Haryana,Apple,6800.0
Haryana,Banana,2000.0
Haryana,Cauliflower,700.0
Haryana,Grapes,4300.0
Haryana,Peas Wet,1200.0
Haryana,Potato,350.0
Haryana,Apple,6600.0
Haryana,Banana,3250.0
Haryana,Cabbage,750.0
Haryana,Cauliflower,750.0
Haryana,Chikoos(Sapota),3450.0
Haryana,Ginger(Green),3450.0
Haryana,Grapes,3950.0
Haryana,Green Chilli,4200.0
Haryana,Kinnow,1350.0
Haryana,Methi(Leaves),1450.0
Haryana,Onion,2450.0
Haryana,Peas Wet,1450.0
Haryana,Potato,380.0
Haryana,Tomato,1450.0
Haryana,Apple,6500.0
Haryana,Banana,2700.0
Haryana,Cabbage,1000.0
Haryana,Capsicum,3500.0
Haryana,Ginger(Dry),4000.0
Haryana,Green Chilli,3500.0
Haryana,Guava,4200.0
Haryana,Leafy Vegetable,400.0
Haryana,Lemon,3200.0
Haryana,Methi(Leaves),600.0
Haryana,Onion,2800.0
Haryana,Orange,5200.0
Haryana,Peas Wet,1800.0
Haryana,Carrot,1000.0
Haryana,Green Chilli,2100.0
Haryana,Potato,267.0
Haryana,Ber(Zizyphus/Borehannu),3000.0
Haryana,Bhindi(Ladies Finger),4200.0
Haryana,Bottle Gourd,1500.0
Haryana,Brinjal,1400.0
Haryana,Capsicum,2200.0
Haryana,Carrot,400.0
Haryana,Guava,3500.0
Haryana,Onion,2000.0
Haryana,Orange,4200.0
Haryana,Pomegranate,5500.0
Haryana,Pumpkin,1200.0
Haryana,Raddish,200.0
Haryana,Spinach,500.0
Haryana,Sweet Potato,1500.0
Haryana,Turnip,600.0
Haryana,Water Melon,1700.0
Haryana,Chikoos(Sapota),2000.0
Haryana,Ginger(Dry),2800.0
Haryana,Guava,2500.0
Haryana,Peas Wet,2000.0
Haryana,Pomegranate,4000.0
Haryana,Green Chilli,3000.0
Haryana,Ber(Zizyphus/Borehannu),1500.0
Haryana,Bottle Gourd,600.0
Haryana,Pumpkin,600.0
Haryana,Cauliflower,650.0
Haryana,Green Chilli,4100.0
Haryana,Methi(Leaves),650.0
Haryana,Peas Wet,1650.0
Haryana,Carrot,900.0
Haryana,Cauliflower,1200.0
Haryana,Grapes,6000.0
Haryana,Lemon,5000.0
Haryana,Methi(Leaves),1500.0
Haryana,Onion,3200.0
Haryana,Orange,3000.0
Haryana,Pumpkin,2000.0
Haryana,Cotton,5100.0
Haryana,Banana,1800.0
Haryana,Cabbage,400.0
Haryana,Ginger(Green),3400.0
Haryana,Green Peas,1400.0
Haryana,Lemon,2700.0
Haryana,Pomegranate,6500.0
Haryana,Grapes,3000.0
Haryana,Banana,3000.0
Haryana,Cabbage,800.0
Haryana,Cauliflower,500.0
Haryana,Cucumbar(Kheera),2500.0
Haryana,French Beans (Frasbean),3500.0
Haryana,Ginger(Green),4500.0
Haryana,Grapes,5500.0
Haryana,Kinnow,1800.0
Haryana,Lemon,5500.0
Haryana,Methi(Leaves),800.0
Haryana,Onion,2300.0
Haryana,Banana,2800.0
Haryana,Ginger(Green),5000.0
Haryana,Kinnow,1500.0
Haryana,Peas Wet,1000.0
Haryana,Cauliflower,420.0
Haryana,Ginger(Dry),3200.0
Haryana,Indian Colza(Sarson),500.0
Haryana,Methi(Leaves),730.0
Haryana,Peas Wet,1600.0
Haryana,Potato,420.0
Haryana,Raddish,350.0
Haryana,Spinach,300.0
Haryana,Tomato,880.0
Haryana,Apple,8000.0
Haryana,Kinnow,3200.0
Haryana,Onion,3000.0
Haryana,Peas Wet,2100.0
Haryana,Pomegranate,6600.0
Haryana,Cabbage,1500.0
Haryana,Cucumbar(Kheera),1400.0
Haryana,Onion,3500.0
Haryana,Peas Wet,2500.0
Haryana,Tomato,1500.0
Haryana,Apple,5300.0
Haryana,Banana,1400.0
Haryana,Cabbage,1200.0
Haryana,Chikoos(Sapota),4000.0
Haryana,Colacasia,3300.0
Haryana,French Beans (Frasbean),3800.0
Haryana,Ginger(Dry),3800.0
Haryana,Grapes,5800.0
Haryana,Green Chilli,2000.0
Haryana,Kinnow,3000.0
Haryana,Pomegranate,6000.0
Haryana,Sweet Potato,2600.0
Haryana,Tomato,2000.0
Haryana,Turnip,1000.0
Himachal Pradesh,Banana,2600.0
Himachal Pradesh,Bitter Gourd,1500.0
Himachal Pradesh,Cabbage,800.0
Himachal Pradesh,Capsicum,3200.0
Himachal Pradesh,Carrot,850.0
Himachal Pradesh,Cauliflower,1000.0
Himachal Pradesh,Coriander(Leaves),1100.0
Himachal Pradesh,Cucumbar(Kheera),2100.0
Himachal Pradesh,French Beans (Frasbean),4600.0
Himachal Pradesh,Ginger(Green),2700.0
Himachal Pradesh,Grapes,5500.0
Himachal Pradesh,Green Chilli,3100.0
Himachal Pradesh,Kinnow,2900.0
Himachal Pradesh,Mashrooms,9000.0
Himachal Pradesh,Methi(Leaves),1500.0
Himachal Pradesh,Onion,2300.0
Himachal Pradesh,Potato,550.0
Himachal Pradesh,Raddish,600.0
Himachal Pradesh,Spinach,600.0
Himachal Pradesh,Tomato,1300.0
Himachal Pradesh,Apple,8500.0
Himachal Pradesh,Banana,3700.0
Himachal Pradesh,Ber(Zizyphus/Borehannu),3250.0
Himachal Pradesh,Bottle Gourd,1900.0
Himachal Pradesh,Brinjal,2100.0
Himachal Pradesh,Cabbage,900.0
Himachal Pradesh,Capsicum,4250.0
Himachal Pradesh,Carrot,900.0
Himachal Pradesh,Cauliflower,1100.0
Himachal Pradesh,Chikoos(Sapota),4250.0
Himachal Pradesh,Coriander(Leaves),2500.0
Himachal Pradesh,Elephant Yam (Suran),3350.0
Himachal Pradesh,French Beans (Frasbean),4500.0
Himachal Pradesh,Garlic,4000.0
Himachal Pradesh,Ginger(Green),3750.0
Himachal Pradesh,Grapes,7500.0
Himachal Pradesh,Green Chilli,6250.0
Himachal Pradesh,Guava,6500.0
Himachal Pradesh,Kinnow,3250.0
Himachal Pradesh,Lemon,3000.0
Himachal Pradesh,Mousambi(Sweet Lime),4250.0
Himachal Pradesh,Onion,2700.0
Himachal Pradesh,Papaya,3250.0
Himachal Pradesh,Peas Wet,2000.0
Himachal Pradesh,Pomegranate,7750.0
Himachal Pradesh,Potato,600.0
Himachal Pradesh,Raddish,900.0
Himachal Pradesh,Spinach,800.0
Himachal Pradesh,Tomato,1800.0
Himachal Pradesh,Turnip,900.0
Himachal Pradesh,Ber(Zizyphus/Borehannu),3500.0
Himachal Pradesh,Bottle Gourd,2000.0
Himachal Pradesh,Carrot,1000.0
Himachal Pradesh,Chikoos(Sapota),4500.0
Himachal Pradesh,Garlic,4200.0
Himachal Pradesh,Onion,2650.0
Himachal Pradesh,Raddish,1000.0
Himachal Pradesh,Banana,2500.0
Himachal Pradesh,Ber(Zizyphus/Borehannu),2350.0
Himachal Pradesh,Bhindi(Ladies Finger),5750.0
Himachal Pradesh,Bottle Gourd,2300.0
Himachal Pradesh,Brinjal,1900.0
Himachal Pradesh,Cabbage,1150.0
Himachal Pradesh,Carrot,950.0
Himachal Pradesh,Cauliflower,1200.0
Himachal Pradesh,Cucumbar(Kheera),2300.0
Himachal Pradesh,French Beans (Frasbean),4750.0
Himachal Pradesh,Ginger(Green),4250.0
Himachal Pradesh,Grapes,5750.0
Himachal Pradesh,Green Chilli,5750.0
Himachal Pradesh,Guava,6250.0
Himachal Pradesh,Kinnow,2400.0
Himachal Pradesh,Lemon,3750.0
Himachal Pradesh,Mashrooms,10500.0
Himachal Pradesh,Mousambi(Sweet Lime),4100.0
Himachal Pradesh,Onion,2550.0
Himachal Pradesh,Papaya,3100.0
Himachal Pradesh,Peas Cod,1700.0
Himachal Pradesh,Pine Apple,2750.0
Himachal Pradesh,Pomegranate,6750.0
Himachal Pradesh,Potato,450.0
Himachal Pradesh,Pumpkin,1900.0
Himachal Pradesh,Raddish,650.0
Himachal Pradesh,Spinach,550.0
Himachal Pradesh,Banana,2490.0
Himachal Pradesh,Bhindi(Ladies Finger),5800.0
Himachal Pradesh,Brinjal,2300.0
Himachal Pradesh,Cabbage,1200.0
Himachal Pradesh,Capsicum,4300.0
Himachal Pradesh,Carrot,1250.0
Himachal Pradesh,Cauliflower,1300.0
Himachal Pradesh,Coriander(Leaves),1500.0
Himachal Pradesh,Cucumbar(Kheera),2900.0
Himachal Pradesh,French Beans (Frasbean),5300.0
Himachal Pradesh,Garlic,4800.0
Himachal Pradesh,Grapes,9500.0
Himachal Pradesh,Green Chilli,5900.0
Himachal Pradesh,Guava,5650.0
Himachal Pradesh,Kinnow,3300.0
Himachal Pradesh,Lemon,3800.0
Himachal Pradesh,Onion,3100.0
Himachal Pradesh,Papaya,2900.0
Himachal Pradesh,Peas Wet,2250.0
Himachal Pradesh,Potato,650.0
Himachal Pradesh,Pumpkin,2300.0
Himachal Pradesh,Raddish,800.0
Himachal Pradesh,Spinach,1300.0
Himachal Pradesh,Tomato,1500.0
Himachal Pradesh,Banana,2400.0
Himachal Pradesh,Bhindi(Ladies Finger),4800.0
Himachal Pradesh,Cabbage,1300.0
Himachal Pradesh,Capsicum,3800.0
Himachal Pradesh,Carrot,1200.0
Himachal Pradesh,Cauliflower,1400.0
Himachal Pradesh,Cucumbar(Kheera),1800.0
Himachal Pradesh,French Beans (Frasbean),4900.0
Himachal Pradesh,Ginger(Green),4200.0
Himachal Pradesh,Guava,4900.0
Himachal Pradesh,Kinnow,3500.0
Himachal Pradesh,Onion,2800.0
Himachal Pradesh,Spinach,900.0
Himachal Pradesh,Tomato,1400.0
Himachal Pradesh,Turnip,1200.0
Himachal Pradesh,Banana,1900.0
Himachal Pradesh,Bhindi(Ladies Finger),4600.0
Himachal Pradesh,Bottle Gourd,1500.0
Himachal Pradesh,Brinjal,1600.0
Himachal Pradesh,Cabbage,600.0
Himachal Pradesh,Capsicum,3500.0
Himachal Pradesh,Cauliflower,700.0
Himachal Pradesh,Coriander(Leaves),1200.0
Himachal Pradesh,Cucumbar(Kheera),1600.0
Himachal Pradesh,Garlic,3700.0
Himachal Pradesh,Green Chilli,4200.0
Himachal Pradesh,Lemon,3500.0
Himachal Pradesh,Onion,2500.0
Himachal Pradesh,Peas Wet,1800.0
Himachal Pradesh,Pomegranate,7000.0
Himachal Pradesh,Potato,500.0
Himachal Pradesh,Spinach,500.0
Himachal Pradesh,Tomato,1200.0
Himachal Pradesh,Turnip,500.0
Himachal Pradesh,Cabbage,700.0
Himachal Pradesh,Carrot,700.0
Himachal Pradesh,Cauliflower,500.0
Himachal Pradesh,Coriander(Leaves),900.0
Himachal Pradesh,Leafy Vegetable,700.0
Himachal Pradesh,Peas Wet,1900.0
Himachal Pradesh,Spinach,400.0
Himachal Pradesh,Banana,3800.0
Himachal Pradesh,Bottle Gourd,2100.0
Himachal Pradesh,Capsicum,3300.0
Himachal Pradesh,Cauliflower,600.0
Himachal Pradesh,Coriander(Leaves),1300.0
Himachal Pradesh,Cucumbar(Kheera),2500.0
Himachal Pradesh,Ginger(Green),2800.0
Himachal Pradesh,Grapes,5000.0
Himachal Pradesh,Green Chilli,6000.0
Himachal Pradesh,Kinnow,2300.0
Himachal Pradesh,Papaya,2300.0
Himachal Pradesh,Pomegranate,5800.0
Himachal Pradesh,Raddish,500.0
Himachal Pradesh,Papaya,3200.0
Himachal Pradesh,Turnip,700.0
Jammu and Kashmir,Banana,2750.0
Jammu and Kashmir,Bhindi(Ladies Finger),4250.0
Jammu and Kashmir,Brinjal,1550.0
Jammu and Kashmir,Cabbage,950.0
Jammu and Kashmir,Capsicum,2900.0
Jammu and Kashmir,Carrot,850.0
Jammu and Kashmir,Cauliflower,1250.0
Jammu and Kashmir,Cucumbar(Kheera),2100.0
Jammu and Kashmir,Green Chilli,4900.0
Jammu and Kashmir,Indian Beans (Seam),4100.0
Jammu and Kashmir,Knool Khol,1050.0
Jammu and Kashmir,Onion,2750.0
Jammu and Kashmir,Papaya,4100.0
Jammu and Kashmir,Peas Wet,1750.0
Jammu and Kashmir,Potato,450.0
Jammu and Kashmir,Raddish,1050.0
Jammu and Kashmir,Spinach,1250.0
Jammu and Kashmir,Tomato,2250.0
Jammu and Kashmir,Turnip,750.0
Jammu and Kashmir,Apple,4050.0
Jammu and Kashmir,Banana,2500.0
Jammu and Kashmir,Bhindi(Ladies Finger),2300.0
Jammu and Kashmir,Bitter Gourd,3900.0
Jammu and Kashmir,Bottle Gourd,1050.0
Jammu and Kashmir,Brinjal,1150.0
Jammu and Kashmir,Cabbage,850.0
Jammu and Kashmir,Capsicum,1950.0
Jammu and Kashmir,Carrot,750.0
Jammu and Kashmir,Cauliflower,950.0
Jammu and Kashmir,Coriander(Leaves),1550.0
Jammu and Kashmir,Garlic,2900.0
Jammu and Kashmir,Ginger(Dry),2700.0
Jammu and Kashmir,Green Chilli,2450.0
Jammu and Kashmir,Indian Beans (Seam),1900.0
Jammu and Kashmir,Kinnow,2500.0
Jammu and Kashmir,Knool Khol,450.0
Jammu and Kashmir,Lotus Sticks,6500.0
Jammu and Kashmir,Mashrooms,8000.0
Jammu and Kashmir,Onion,2550.0
Jammu and Kashmir,Orange,4500.0
Jammu and Kashmir,Papaya,1900.0
Jammu and Kashmir,Peas Wet,1250.0
Jammu and Kashmir,Pomegranate,6500.0
Jammu and Kashmir,Potato,550.0
Jammu and Kashmir,Raddish,550.0
Jammu and Kashmir,Tomato,1150.0
Jammu and Kashmir,Turnip,500.0
Jharkhand,Arhar (Tur/Red Gram),6150.0
Jharkhand,Bengal Gram(Gram),5800.0
Jharkhand,Gur(Jaggery),4250.0
Jharkhand,Mahua,2145.0
Jharkhand,Mustard,6350.0
Jharkhand,Mustard Oil,10200.0
Jharkhand,Rice,2650.0
Jharkhand,Sugar,4265.0
Jharkhand,Wheat,2100.0
Jharkhand,Wheat Atta,2350.0
Jharkhand,Apple,7500.0
Jharkhand,Bengal Gram Dal (Chana Dal),5470.0
Jharkhand,Masur Dal,4470.0
Jharkhand,Mustard Oil,10825.0
Jharkhand,Onion,3320.0
Jharkhand,Potato,925.0
Jharkhand,Rice,3875.0
Jharkhand,Wheat,2145.0
Jharkhand,Wheat Atta,2140.0
Jharkhand,Apple,6700.0
Jharkhand,Apple,5500.0
Jharkhand,Apple,4300.0
Jharkhand,Arhar Dal(Tur Dal),6700.0
Jharkhand,Arhar (Tur/Red Gram),5450.0
Jharkhand,Beans,3250.0
Jharkhand,Bhindi(Ladies Finger),3500.0
Jharkhand,Brinjal,2750.0
Jharkhand,Cabbage,3750.0
Jharkhand,Carrot,2250.0
Jharkhand,Cauliflower,2750.0
Jharkhand,Lentil(Masur),3950.0
Jharkhand,Onion,4250.0
Jharkhand,Paddy(Dhan),1550.0
Jharkhand,Peas Wet,2750.0
Jharkhand,Potato,1100.0
Jharkhand,Pumpkin,2750.0
Jharkhand,Rice,3900.0
Jharkhand,Sugar,4400.0
Jharkhand,Tomato,2500.0
Jharkhand,Wheat,1625.0
Jharkhand,Bengal Gram(Gram),7895.0
Jharkhand,Onion,2850.0
Jharkhand,Potato,900.0
Jharkhand,Tomato,800.0
Jharkhand,Wheat Atta,2520.0
Jharkhand,Arhar (Tur/Red Gram),6000.0
Jharkhand,Brinjal,1200.0
Jharkhand,Cabbage,1900.0
Jharkhand,Capsicum,4500.0
Jharkhand,Cauliflower,1600.0
Jharkhand,Dalda,7200.0
Jharkhand,Green Chilli,3800.0
Jharkhand,Mahua,3200.0
Jharkhand,Maize,1425.0
Jharkhand,Mustard Oil,9600.0
Jharkhand,Onion,3700.0
Jharkhand,Paddy(Dhan),1610.0
Jharkhand,Paddy(Dhan),1570.0
Jharkhand,Potato,1150.0
Jharkhand,Pumpkin,1400.0
Jharkhand,Raddish,1100.0
Jharkhand,Rice,2500.0
Jharkhand,Rice,3000.0
Jharkhand,Rice,2000.0
Jharkhand,Sugar,4000.0
Jharkhand,Tomato,900.0
Jharkhand,Wheat,1800.0
Jharkhand,Wheat,2700.0
Jharkhand,Wheat Atta,2500.0
Jharkhand,Arhar (Tur/Red Gram),7400.0
Jharkhand,Brinjal,1600.0
Jharkhand,Maize,1526.0
Jharkhand,Mustard Oil,9884.0
Jharkhand,Paddy(Dhan),1600.0
Jharkhand,Potato,650.0
Jharkhand,Rice,3500.0
Jharkhand,Sugar,4300.0
Jharkhand,Arhar Dal(Tur Dal),7300.0
Jharkhand,Bengal Gram Dal (Chana Dal),7900.0
Jharkhand,Dalda,6870.0
Jharkhand,Maida Atta,2500.0
Jharkhand,Masur Dal,7000.0
Jharkhand,Mustard Oil,10600.0
Jharkhand,Onion,3500.0
Jharkhand,Potato,1250.0
Jharkhand,Rice,2700.0
Jharkhand,Soji,2580.0
Jharkhand,Wheat,1950.0
Jharkhand,Wheat Atta,2400.0
Jharkhand,Arhar Dal(Tur Dal),7500.0
Jharkhand,Maida Atta,2450.0
Jharkhand,Masur Dal,7250.0
Jharkhand,Mustard Oil,10650.0
Jharkhand,Onion,3600.0
Jharkhand,Rice,2550.0
Jharkhand,Soji,2450.0
Jharkhand,Wheat,2050.0
Jharkhand,Arhar (Tur/Red Gram),6600.0
Jharkhand,Brinjal,3600.0
Jharkhand,Cabbage,3000.0
Jharkhand,Cauliflower,3000.0
Jharkhand,Dalda,6600.0
Jharkhand,Gur(Jaggery),3900.0
Jharkhand,Lentil(Masur),6300.0
Jharkhand,Mahua,2000.0
Jharkhand,Mustard Oil,9900.0
Jharkhand,Onion,4500.0
Jharkhand,Potato,1200.0
Jharkhand,Pumpkin,3300.0
Jharkhand,Rice,2300.0
Jharkhand,Rice,2100.0
Jharkhand,Sugar,4200.0
Jharkhand,Tomato,2000.0
Karnataka,Bajra(Pearl Millet/Cumbu),1070.0
Karnataka,Green Gram (Moong),5500.0
Karnataka,Maize,1100.0
Karnataka,Barley (Jau),1550.0
Karnataka,Gur(Jaggery),3213.0
Karnataka,Maize,1150.0
Karnataka,Alasande Gram,5500.0
Karnataka,Arhar Dal(Tur Dal),6250.0
Karnataka,Bajra(Pearl Millet/Cumbu),1825.0
Karnataka,Bengal Gram Dal (Chana Dal),5250.0
Karnataka,Bengal Gram(Gram),4400.0
Karnataka,Black Gram Dal (Urd Dal),6250.0
Karnataka,Chennangi Dal,5050.0
Karnataka,Coconut,20000.0
Karnataka,Corriander Seed,8000.0
Karnataka,Dry Chillies,7750.0
Karnataka,Dry Chillies,10400.0
Karnataka,Garlic,2600.0
Karnataka,Ginger(Green),1850.0
Karnataka,Green Gram (Moong),6700.0
Karnataka,Green Gram Dal (Moong Dal),6800.0
Karnataka,Green Peas,4350.0
Karnataka,Ground Nut Seed,7500.0
Karnataka,Groundnut,4650.0
Karnataka,Gur(Jaggery),4800.0
Karnataka,Jowar(Sorghum),2200.0
Karnataka,Kulthi(Horse Gram),3900.0
Karnataka,Maize,1750.0
Karnataka,Methi Seeds,4750.0
Karnataka,Mustard,5300.0
Karnataka,Onion,1800.0
Karnataka,Onion,1950.0
Karnataka,Potato,1350.0
Karnataka,Potato,1150.0
Karnataka,Ragi (Finger Millet),2900.0
Karnataka,Rice,4400.0
Karnataka,Tamarind Fruit,11000.0
Karnataka,Wheat,2800.0
Karnataka,Alsandikai,1900.0
Karnataka,Apple,7500.0
Karnataka,Banana,2950.0
Karnataka,Banana,1150.0
Karnataka,Banana,1450.0
Karnataka,Banana,1100.0
Karnataka,Banana - Green,1400.0
Karnataka,Beans,1600.0
Karnataka,Beetroot,900.0
Karnataka,Bhindi(Ladies Finger),1800.0
Karnataka,Bitter Gourd,1200.0
Karnataka,Borehannu,600.0
Karnataka,Bottle Gourd,900.0
Karnataka,Brinjal,1000.0
Karnataka,Bunch Beans,2200.0
Karnataka,Cabbage,450.0
Karnataka,Capsicum,2000.0
Karnataka,Carrot,1200.0
Karnataka,Cauliflower,1200.0
Karnataka,Chapparad Avare,1500.0
Karnataka,Chikoos(Sapota),1800.0
Karnataka,Cucumbar(Kheera),1000.0
Karnataka,Drumstick,8000.0
Karnataka,Ginger(Green),2200.0
Karnataka,Grapes,2000.0
Karnataka,Green Chilli,1800.0
Karnataka,Karbuja(Musk Melon),1200.0
Karnataka,Knool Khol,1100.0
Karnataka,Lime,1800.0
Karnataka,Mousambi(Sweet Lime),3500.0
Karnataka,Orange,3500.0
Karnataka,Papaya,1200.0
Karnataka,Peas Wet,3200.0
Karnataka,Pine Apple,1800.0
Karnataka,Pomegranate,7000.0
Karnataka,Raddish,1100.0
Karnataka,Ridgeguard(Tori),1800.0
Karnataka,Seemebadnekai,900.0
Karnataka,Snakeguard,900.0
Karnataka,Thondekai,1200.0
Karnataka,Tomato,900.0
Karnataka,Water Melon,900.0
Karnataka,White Pumpkin,1000.0
Karnataka,Beans,1800.0
Karnataka,Beetroot,1100.0
Karnataka,Bhindi(Ladies Finger),1000.0
Karnataka,Bitter Gourd,1400.0
Karnataka,Brinjal,600.0
Karnataka,Carrot,1500.0
Karnataka,Cucumbar(Kheera),900.0
Karnataka,Ginger(Green),2600.0
Karnataka,Green Avare (W),2200.0
Karnataka,Green Chilli,1400.0
Karnataka,Knool Khol,800.0
Karnataka,Raddish,500.0
Karnataka,Ridgeguard(Tori),1000.0
Karnataka,Seemebadnekai,800.0
Karnataka,Tomato,400.0
Karnataka,She Buffalo,40000.0
Karnataka,Cow,42000.0
Karnataka,Maize,1200.0
Karnataka,Ox,25000.0
Karnataka,She Buffalo,45000.0
Karnataka,Sheep,4800.0
Karnataka,Alasande Gram,4562.0
Karnataka,Arhar (Tur/Red Gram),3913.0
Karnataka,Bajra(Pearl Millet/Cumbu),1338.0
Karnataka,Bengal Gram(Gram),3727.0
Karnataka,Cotton,3513.0
Karnataka,Foxtail Millet(Navane),1410.0
Karnataka,Groundnut,3959.0
Karnataka,Jowar(Sorghum),1274.0
Karnataka,Kulthi(Horse Gram),3107.0
Karnataka,Maize,1170.0
Karnataka,Maize,2719.0
Karnataka,Groundnut,3715.0
Karnataka,Sunflower,3203.0
Karnataka,Arhar (Tur/Red Gram),4205.0
Karnataka,Bengal Gram(Gram),3650.0
Karnataka,Bengal Gram(Gram),7611.0
Karnataka,Black Gram (Urd Beans),2800.0
Karnataka,Green Gram (Moong),4680.0
Karnataka,Jowar(Sorghum),3000.0
Karnataka,Rice,2400.0
Karnataka,Rice,4300.0
Karnataka,Soyabean,3525.0
Karnataka,Wheat,2400.0
Karnataka,Arhar (Tur/Red Gram),3700.0
Karnataka,Bengal Gram(Gram),3881.0
Karnataka,Cotton,4563.0
Karnataka,Gur(Jaggery),2570.0
Karnataka,Banana - Green,1600.0
Karnataka,Beans,1200.0
Karnataka,Beetroot,250.0
Karnataka,Brinjal,350.0
Karnataka,Cabbage,300.0
Karnataka,Carrot,1000.0
Karnataka,Cauliflower,250.0
Karnataka,Green Chilli,1000.0
Karnataka,Raddish,200.0
Karnataka,Ridgeguard(Tori),400.0
Karnataka,Tomato,200.0
Karnataka,Gur(Jaggery),3350.0
Karnataka,Kulthi(Horse Gram),3050.0
Karnataka,Rice,2650.0
Karnataka,Tamarind Fruit,2000.0
Karnataka,Maize,1289.0
Karnataka,Rice,2250.0
Karnataka,Beans,1480.0
Karnataka,Beetroot,869.0
Karnataka,Bhindi(Ladies Finger),1428.0
Karnataka,Bottle Gourd,869.0
Karnataka,Cabbage,769.0
Karnataka,Cauliflower,593.0
Karnataka,Cucumbar(Kheera),600.0
Karnataka,Green Chilli,1405.0
Karnataka,Knool Khol,833.0
Karnataka,Onion,2142.0
Karnataka,Paddy(Dhan),1911.0
Karnataka,Potato,1000.0
Karnataka,Raddish,857.0
Karnataka,Ridgeguard(Tori),1739.0
Karnataka,Thondekai,1250.0
Karnataka,Tomato,498.0
Karnataka,Ginger(Green),1000.0
Karnataka,Groundnut,3858.0
Karnataka,Maize,1152.0
Karnataka,Arecanut(Betelnut/Supari),36510.0
Karnataka,Arecanut(Betelnut/Supari),22239.0
Karnataka,Arecanut(Betelnut/Supari),18300.0
Karnataka,Arecanut(Betelnut/Supari),36079.0
Karnataka,Arhar (Tur/Red Gram),3675.0
Karnataka,Avare Dal,4013.0
Karnataka,Bengal Gram(Gram),3928.0
Karnataka,Groundnut,3940.0
Karnataka,Safflower,3201.0
Karnataka,Sunflower,3138.0
Karnataka,Maize,1161.0
Karnataka,Arecanut(Betelnut/Supari),35500.0
Karnataka,Arhar (Tur/Red Gram),3558.0
Karnataka,Coconut,13250.0
Karnataka,Cotton,4409.0
Karnataka,Green Chilli,1350.0
Karnataka,Maize,1139.0
Karnataka,Onion,1550.0
Karnataka,Ragi (Finger Millet),1846.0
Karnataka,Sunflower,3060.0
Karnataka,Tomato,140.0
Karnataka,Paddy(Dhan),2500.0
Karnataka,Beans,1300.0
Karnataka,Beetroot,450.0
Karnataka,Bhindi(Ladies Finger),1400.0
Karnataka,Brinjal,500.0
Karnataka,Cabbage,400.0
Karnataka,Cucumbar(Kheera),700.0
Karnataka,Green Chilli,1450.0
Karnataka,Maize,1130.0
Karnataka,Paddy(Dhan),2400.0
Karnataka,Tomato,300.0
Karnataka,Cotton,4725.0
Karnataka,Bengal Gram(Gram),3669.0
Karnataka,Black Gram (Urd Beans),3022.0
Karnataka,Cotton,4651.0
Karnataka,Dry Chillies,5200.0
Karnataka,Groundnut,2839.0
Karnataka,Jowar(Sorghum),1121.0
Karnataka,Onion,950.0
Karnataka,Onion,1650.0
Karnataka,Onion,1050.0
Karnataka,Potato,800.0
Karnataka,Sunflower,2911.0
Karnataka,Wheat,1211.0
Karnataka,Maize,1120.0
Karnataka,Paddy(Dhan),1600.0
Karnataka,Soyabean,3150.0
Karnataka,Arhar (Tur/Red Gram),3076.0
Karnataka,Bengal Gram(Gram),3788.0
Karnataka,Coriander(Leaves),6203.0
Karnataka,Cotton,4584.0
Karnataka,Cummin Seed(Jeera),5024.0
Karnataka,Green Gram (Moong),5686.0
Karnataka,Groundnut,2987.0
Karnataka,Groundnut,3183.0
Karnataka,Jowar(Sorghum),1669.0
Karnataka,Kulthi(Horse Gram),3289.0
Karnataka,Maize,1097.0
Karnataka,Safflower,3208.0
Karnataka,Sunflower,3235.0
Karnataka,Wheat,2518.0
Karnataka,Alasande Gram,5110.0
Karnataka,Arhar (Tur/Red Gram),3516.0
Karnataka,Bengal Gram(Gram),3766.0
Karnataka,Corriander Seed,4952.0
Karnataka,Green Gram (Moong),5328.0
Karnataka,Groundnut,3261.0
Karnataka,Groundnut,3278.0
Karnataka,Jowar(Sorghum),1151.0
Karnataka,Kulthi(Horse Gram),2937.0
Karnataka,Sunflower,3199.0
Karnataka,Arhar (Tur/Red Gram),3376.0
Karnataka,Bengal Gram(Gram),3806.0
Karnataka,Groundnut,3439.0
Karnataka,Maize,1088.0
Karnataka,Sajje,1064.0
Karnataka,Sunflower,3319.0
Karnataka,Bengal Gram(Gram),3741.0
Karnataka,Maize,1180.0
Karnataka,Alasande Gram,5145.0
Karnataka,Arhar (Tur/Red Gram),3336.0
Karnataka,Bajra(Pearl Millet/Cumbu),1066.0
Karnataka,Bengal Gram(Gram),3790.0
Karnataka,Groundnut,3024.0
Karnataka,Maize,1128.0
Karnataka,Arhar (Tur/Red Gram),4200.0
Karnataka,Bengal Gram(Gram),3600.0
Karnataka,Arhar (Tur/Red Gram),4157.0
Karnataka,Bajra(Pearl Millet/Cumbu),1126.0
Karnataka,Bengal Gram(Gram),3743.0
Karnataka,Black Gram (Urd Beans),3354.0
Karnataka,Green Gram (Moong),4675.0
Karnataka,Gur(Jaggery),3050.0
Karnataka,Jowar(Sorghum),2425.0
Karnataka,Rice,2100.0
Karnataka,Rice,4100.0
Karnataka,Safflower,3315.0
Karnataka,"Sesamum(Sesame,Gingelly,Til)",6662.0
Karnataka,Soyabean,3515.0
Karnataka,Sunflower,3244.0
Karnataka,Arhar (Tur/Red Gram),3965.0
Karnataka,Groundnut,3920.0
Karnataka,Copra,12739.0
Karnataka,Dry Chillies,14551.0
Karnataka,Dry Chillies,4519.0
Karnataka,Dry Chillies,13669.0
Karnataka,Paddy(Dhan),1700.0
Karnataka,Cotton,4590.0
Karnataka,Maize,1080.0
Karnataka,Arecanut(Betelnut/Supari),15749.0
Karnataka,Arecanut(Betelnut/Supari),10900.0
Karnataka,Arecanut(Betelnut/Supari),14000.0
Karnataka,Arecanut(Betelnut/Supari),20339.0
Karnataka,Paddy(Dhan),1800.0
Karnataka,Arecanut(Betelnut/Supari),17929.0
Karnataka,Arecanut(Betelnut/Supari),15849.0
Karnataka,Arecanut(Betelnut/Supari),11709.0
Karnataka,Arecanut(Betelnut/Supari),22069.0
Karnataka,Arecanut(Betelnut/Supari),16399.0
Karnataka,Arecanut(Betelnut/Supari),16699.0
Karnataka,Arecanut(Betelnut/Supari),19889.0
Karnataka,Arecanut(Betelnut/Supari),35469.0
Karnataka,Arecanut(Betelnut/Supari),21699.0
Karnataka,Arecanut(Betelnut/Supari),26899.0
Karnataka,Black Pepper,41489.0
Karnataka,Arecanut(Betelnut/Supari),28929.0
Karnataka,Arecanut(Betelnut/Supari),16794.0
Karnataka,Arecanut(Betelnut/Supari),15980.0
Karnataka,Arecanut(Betelnut/Supari),19266.0
Karnataka,Arecanut(Betelnut/Supari),34001.0
Karnataka,Arecanut(Betelnut/Supari),21429.0
Karnataka,Black Pepper,38558.0
Karnataka,Arecanut(Betelnut/Supari),15869.0
Karnataka,Arecanut(Betelnut/Supari),21660.0
Karnataka,Arecanut(Betelnut/Supari),13122.0
Karnataka,Arecanut(Betelnut/Supari),18189.0
Karnataka,Arecanut(Betelnut/Supari),37429.0
Karnataka,Arecanut(Betelnut/Supari),33379.0
Karnataka,Avare Dal,4100.0
Karnataka,Rice,2000.0
Karnataka,Rice,2200.0
Karnataka,Tomato,333.0
Karnataka,Maize,1350.0
Karnataka,Beans,1700.0
Karnataka,Beetroot,300.0
Karnataka,Cabbage,130.0
Karnataka,Capsicum,2100.0
Karnataka,Cauliflower,700.0
Karnataka,Chilly Capsicum,1000.0
Karnataka,Cucumbar(Kheera),230.0
Karnataka,Knool Khol,250.0
Karnataka,Raddish,300.0
Karnataka,Ridgeguard(Tori),2000.0
Karnataka,Tomato,500.0
Karnataka,Tomato,334.0
Karnataka,Beans,1000.0
Karnataka,Cabbage,500.0
Karnataka,Jowar(Sorghum),1200.0
Karnataka,Rice,1611.0
Karnataka,Groundnut,4306.0
Karnataka,Arecanut(Betelnut/Supari),2800.0
Karnataka,Black Pepper,40000.0
Karnataka,Sweet Potato,500.0
Karnataka,Tender Coconut,8000.0
Karnataka,Gur(Jaggery),3200.0
Karnataka,Gur(Jaggery),3000.0
Karnataka,Ginger(Green),1200.0
Karnataka,Paddy(Dhan),1500.0
Karnataka,Arecanut(Betelnut/Supari),13500.0
Karnataka,Arecanut(Betelnut/Supari),19500.0
Karnataka,Arecanut(Betelnut/Supari),21600.0
Karnataka,Black Pepper,39000.0
Karnataka,Coconut,19000.0
Karnataka,Coconut,18000.0
Karnataka,Copra,9500.0
Karnataka,Arecanut(Betelnut/Supari),15000.0
Karnataka,Arecanut(Betelnut/Supari),20000.0
Karnataka,Banana,2900.0
Karnataka,Banana,2200.0
Karnataka,Banana,1700.0
Karnataka,Banana,2000.0
Karnataka,Black Pepper,38000.0
Karnataka,Cashewnuts,15000.0
Karnataka,Coconut,25000.0
Karnataka,Coconut,12000.0
Karnataka,Dry Chillies,14000.0
Karnataka,Paddy(Dhan),1900.0
Karnataka,Rice,3480.0
Karnataka,Rice,2600.0
Karnataka,Rice,2800.0
Karnataka,Arecanut(Betelnut/Supari),13000.0
Karnataka,Arecanut(Betelnut/Supari),17500.0
Karnataka,Arecanut(Betelnut/Supari),16400.0
Karnataka,Maize,1440.0
Karnataka,Tender Coconut,10000.0
Karnataka,Arhar Dal(Tur Dal),6400.0
Karnataka,Avare Dal,4400.0
Karnataka,Bengal Gram Dal (Chana Dal),5800.0
Karnataka,Black Gram (Urd Beans),5250.0
Karnataka,Castor Seed,4101.0
Karnataka,Corriander Seed,10500.0
Karnataka,Cowpea (Lobia/Karamani),4800.0
Karnataka,Dry Chillies,7500.0
Karnataka,Garlic,3250.0
Karnataka,Green Gram Dal (Moong Dal),6900.0
Karnataka,Ground Nut Seed,7400.0
Karnataka,Groundnut,3105.0
Karnataka,Gur(Jaggery),4500.0
Karnataka,Kulthi(Horse Gram),3297.0
Karnataka,Maize,1076.0
Karnataka,Methi Seeds,5250.0
Karnataka,Onion,2100.0
Karnataka,Paddy(Dhan),1581.0
Karnataka,Potato,1050.0
Karnataka,Ragi (Finger Millet),1925.0
Karnataka,Rice,2150.0
Karnataka,Rice,4700.0
Karnataka,Tamarind Fruit,12768.0
Karnataka,Tamarind Seed,2202.0
Karnataka,Coconut,6000.0
Karnataka,Ginger(Green),1130.0
Karnataka,Tamarind Fruit,1900.0
Karnataka,Paddy(Dhan),1550.0
Karnataka,Cotton,4809.0
Karnataka,Jowar(Sorghum),1220.0
Karnataka,Arhar (Tur/Red Gram),4285.0
Karnataka,Arhar (Tur/Red Gram),4484.0
Karnataka,Bengal Gram(Gram),3789.0
Karnataka,Cotton,4550.0
Karnataka,Groundnut,4118.0
Karnataka,Onion,1990.0
Karnataka,Paddy(Dhan),1289.0
Karnataka,Paddy(Dhan),1769.0
Karnataka,Sunflower,2907.0
Karnataka,Arecanut(Betelnut/Supari),35317.0
Karnataka,Coconut,20700.0
Karnataka,Gur(Jaggery),2200.0
Karnataka,Maize,1140.0
Karnataka,Rice,1750.0
Karnataka,Arecanut(Betelnut/Supari),13129.0
Karnataka,Arecanut(Betelnut/Supari),21199.0
Karnataka,Arecanut(Betelnut/Supari),24589.0
Karnataka,Arecanut(Betelnut/Supari),36899.0
Karnataka,Arecanut(Betelnut/Supari),9599.0
Karnataka,Arecanut(Betelnut/Supari),21899.0
Karnataka,Arecanut(Betelnut/Supari),22529.0
Karnataka,Arecanut(Betelnut/Supari),36299.0
Karnataka,Arecanut(Betelnut/Supari),11200.0
Karnataka,Ginger(Green),980.0
Karnataka,Arecanut(Betelnut/Supari),40239.0
Karnataka,Arecanut(Betelnut/Supari),21300.0
Karnataka,Arecanut(Betelnut/Supari),36659.0
Karnataka,Arecanut(Betelnut/Supari),54700.0
Karnataka,Arhar Dal(Tur Dal),6100.0
Karnataka,Bengal Gram Dal (Chana Dal),5600.0
Karnataka,Black Gram Dal (Urd Dal),8100.0
Karnataka,Chili Red,13750.0
Karnataka,Corriander Seed,9500.0
Karnataka,Green Gram (Moong),7100.0
Karnataka,Green Gram Dal (Moong Dal),7000.0
Karnataka,Green Peas,4550.0
Karnataka,Groundnut,6950.0
Karnataka,Gur(Jaggery),3750.0
Karnataka,Maize,1310.0
Karnataka,Rice,2550.0
Karnataka,Rice,4450.0
Karnataka,Rice,3500.0
Karnataka,Tamarind Fruit,14000.0
Karnataka,Maize,1280.0
Karnataka,Arecanut(Betelnut/Supari),36000.0
Karnataka,Coconut,14900.0
Karnataka,Copra,13100.0
Karnataka,Coriander(Leaves),8650.0
Karnataka,Kulthi(Horse Gram),2800.0
Karnataka,Paddy(Dhan),2150.0
Karnataka,Tamarind Fruit,13900.0
Karnataka,Tamarind Seed,1800.0
Karnataka,Arecanut(Betelnut/Supari),19000.0
Karnataka,Arecanut(Betelnut/Supari),20500.0
Karnataka,Arecanut(Betelnut/Supari),19700.0
Karnataka,Coconut,13000.0
Kerala,Amaranthus,4200.0
Kerala,Amphophalus,3000.0
Kerala,Apple,12300.0
Kerala,Ashgourd,1000.0
Kerala,Banana,3700.0
Kerala,Banana,2900.0
Kerala,Banana,2800.0
Kerala,Banana - Green,3900.0
Kerala,Beetroot,3100.0
Kerala,Bengal Gram(Gram),7300.0
Kerala,Bhindi(Ladies Finger),2100.0
Kerala,Bitter Gourd,4100.0
Kerala,Brinjal,2800.0
Kerala,Cabbage,2700.0
Kerala,Capsicum,3400.0
Kerala,Carrot,6400.0
Kerala,Cauliflower,3300.0
Kerala,Coconut,5900.0
Kerala,Coconut Oil,23200.0
Kerala,Corriander Seed,11000.0
Kerala,Cowpea(Veg),2900.0
Kerala,Cucumbar(Kheera),2900.0
Kerala,Drumstick,11200.0
Kerala,Dry Chillies,11200.0
Kerala,French Beans (Frasbean),3000.0
Kerala,Green Chilli,3000.0
Kerala,Green Gram (Moong),6700.0
Kerala,Lemon,3100.0
Kerala,Onion,4600.0
Kerala,Onion,4300.0
Kerala,Pine Apple,3100.0
Kerala,Amphophalus,3200.0
Kerala,Ashgourd,1200.0
Kerala,Beetroot,2000.0
Kerala,Bhindi(Ladies Finger),3000.0
Kerala,Bitter Gourd,4300.0
Kerala,Bottle Gourd,1200.0
Kerala,Brinjal,2400.0
Kerala,Brinjal,3500.0
Kerala,Cabbage,3000.0
Kerala,Capsicum,6000.0
Kerala,Carrot,3500.0
Kerala,Cauliflower,4000.0
Kerala,Colacasia,4000.0
Kerala,Cowpea(Veg),3000.0
Kerala,Cowpea(Veg),4000.0
Kerala,Cucumbar(Kheera),1400.0
Kerala,Drumstick,8000.0
Kerala,Ginger(Green),4000.0
Kerala,Green Chilli,2600.0
Kerala,Onion,2800.0
Kerala,Onion,3600.0
Kerala,Potato,2000.0
Kerala,Snakeguard,2400.0
Kerala,Tomato,2400.0
Kerala,Bitter Gourd,3100.0
Kerala,Brinjal,2900.0
Kerala,Field Pea,4100.0
Kerala,Amaranthus,2500.0
Kerala,Amphophalus,4000.0
Kerala,Apple,11000.0
Kerala,Ashgourd,1500.0
Kerala,Banana,4000.0
Kerala,Banana - Green,3000.0
Kerala,Beetroot,3500.0
Kerala,Bhindi(Ladies Finger),2500.0
Kerala,Bitter Gourd,4000.0
Kerala,Bottle Gourd,1000.0
Kerala,Brinjal,3200.0
Kerala,Cabbage,2000.0
Kerala,Capsicum,5500.0
Kerala,Carrot,3000.0
Kerala,Colacasia,3500.0
Kerala,Cucumbar(Kheera),1500.0
Kerala,Drumstick,7000.0
Kerala,Ginger(Green),3500.0
Kerala,Green Chilli,2500.0
Kerala,Lemon,3000.0
Kerala,Mango,6500.0
Kerala,Onion,4000.0
Kerala,Orange,4000.0
Kerala,Pine Apple,2500.0
Kerala,Potato,2500.0
Kerala,Pumpkin,1800.0
Kerala,Snakeguard,2500.0
Kerala,Tapioca,1500.0
Kerala,Tomato,3000.0
Kerala,Amaranthus,2900.0
Kerala,Amphophalus,3400.0
Kerala,Banana,3900.0
Kerala,Banana - Green,3600.0
Kerala,Beetroot,2300.0
Kerala,Bhindi(Ladies Finger),2700.0
Kerala,Bitter Gourd,4600.0
Kerala,Brinjal,2300.0
Kerala,Cabbage,1600.0
Kerala,Carrot,3700.0
Kerala,Cauliflower,2300.0
Kerala,Cowpea(Veg),1600.0
Kerala,Cucumbar(Kheera),1100.0
Kerala,Drumstick,5600.0
Kerala,French Beans (Frasbean),3900.0
Kerala,Ginger(Green),4300.0
Kerala,Onion,2600.0
Kerala,Onion,3300.0
Kerala,Potato,1900.0
Kerala,Pumpkin,1200.0
Kerala,Snakeguard,2200.0
Kerala,Tomato,2100.0
Kerala,Amphophalus,3100.0
Kerala,Ashgourd,1600.0
Kerala,Banana - Green,5100.0
Kerala,Beetroot,2900.0
Kerala,Bhindi(Ladies Finger),3100.0
Kerala,Brinjal,3600.0
Kerala,Capsicum,4600.0
Kerala,Carrot,5600.0
Kerala,Colacasia,6600.0
Kerala,Cowpea(Veg),3600.0
Kerala,Cucumbar(Kheera),2100.0
Kerala,Drumstick,5200.0
Kerala,Green Chilli,3600.0
Kerala,Banana,3500.0
Kerala,Banana,5600.0
Kerala,Banana - Green,4000.0
Kerala,Bhindi(Ladies Finger),1700.0
Kerala,Bitter Gourd,3500.0
Kerala,Brinjal,2000.0
Kerala,Cabbage,1500.0
Kerala,Carrot,2900.0
Kerala,Cauliflower,2000.0
Kerala,Cowpea(Veg),2500.0
Kerala,Elephant Yam (Suran),3200.0
Kerala,Ginger(Green),3300.0
Kerala,Little Gourd (Kundru),3500.0
Kerala,Mango (Raw-Ripe),5000.0
Kerala,Onion,2700.0
Kerala,Pine Apple,3300.0
Kerala,Potato,2200.0
Kerala,Snakeguard,1600.0
Kerala,Tapioca,1700.0
Kerala,Tomato,1300.0
Kerala,Amaranthus,2200.0
Kerala,Arecanut(Betelnut/Supari),19000.0
Kerala,Ashgourd,1400.0
Kerala,Banana,2200.0
Kerala,Banana,4200.0
Kerala,Banana - Green,3200.0
Kerala,Beetroot,2200.0
Kerala,Bhindi(Ladies Finger),2800.0
Kerala,Bitter Gourd,3400.0
Kerala,Black Pepper,40000.0
Kerala,Brinjal,2200.0
Kerala,Carrot,3800.0
Kerala,Cauliflower,3200.0
Kerala,Colacasia,3800.0
Kerala,Cowpea(Veg),3800.0
Kerala,Cucumbar(Kheera),2800.0
Kerala,Drumstick,6800.0
Kerala,Ginger(Green),4800.0
Kerala,Green Chilli,2000.0
Kerala,Little Gourd (Kundru),2800.0
Kerala,Mango (Raw-Ripe),6700.0
Kerala,Pine Apple,3200.0
Kerala,Pumpkin,1600.0
Kerala,Snakeguard,1800.0
Kerala,Tomato,2000.0
Kerala,Amaranthus,1800.0
Kerala,Amphophalus,2700.0
Kerala,Banana,3200.0
Kerala,Banana - Green,3700.0
Kerala,Beetroot,1200.0
Kerala,Brinjal,1500.0
Kerala,Cauliflower,1800.0
Kerala,Coconut,5200.0
Kerala,Colacasia,4200.0
Kerala,Cucumbar(Kheera),1200.0
Kerala,Drumstick,5500.0
Kerala,Elephant Yam (Suran),2700.0
Kerala,Field Pea,2400.0
Kerala,Green Chilli,1400.0
Kerala,Mango (Raw-Ripe),5500.0
Kerala,Potato,1800.0
Kerala,Rice,3500.0
Kerala,Snakeguard,1500.0
Kerala,Tapioca,1400.0
Kerala,Tomato,1200.0
Kerala,Amaranthus,2000.0
Kerala,Banana,3800.0
Kerala,Bhindi(Ladies Finger),3200.0
Kerala,Carrot,4000.0
Kerala,Cauliflower,2500.0
Kerala,Drumstick,9000.0
Kerala,Elephant Yam (Suran),3500.0
Kerala,Ginger(Green),4500.0
Kerala,Green Chilli,3500.0
Kerala,Mango (Raw-Ripe),8500.0
Kerala,Onion,3800.0
Kerala,Onion,4200.0
Kerala,Potato,2800.0
Kerala,Pumpkin,1400.0
Kerala,Tomato,1500.0
Kerala,Arecanut(Betelnut/Supari),20500.0
Kerala,Ashgourd,900.0
Kerala,Banana,5200.0
Kerala,Banana - Green,3400.0
Kerala,Bhindi(Ladies Finger),2200.0
Kerala,Bitter Gourd,2700.0
Kerala,Black Pepper,41000.0
Kerala,Cauliflower,2200.0
Kerala,Colacasia,3600.0
Kerala,Drumstick,5700.0
Kerala,Elephant Yam (Suran),3000.0
Kerala,Field Pea,3700.0
Kerala,Ginger(Dry),11000.0
Kerala,Ginger(Green),2500.0
Kerala,Green Chilli,2200.0
Kerala,Little Gourd (Kundru),2500.0
Kerala,Mango (Raw-Ripe),5200.0
Kerala,Onion,3000.0
Kerala,Pine Apple,2400.0
Kerala,Pumpkin,1000.0
Kerala,Tomato,1700.0
Kerala,Amaranthus,2800.0
Kerala,Amphophalus,3500.0
Kerala,Ashgourd,2800.0
Kerala,Banana - Green,3500.0
Kerala,Bitter Gourd,5500.0
Kerala,Bottle Gourd,1800.0
Kerala,Cabbage,2200.0
Kerala,Capsicum,6500.0
Kerala,Carrot,6500.0
Kerala,Cauliflower,4500.0
Kerala,Cowpea(Veg),6500.0
Kerala,Cucumbar(Kheera),2500.0
Kerala,Drumstick,17500.0
Kerala,Ginger(Green),5500.0
Kerala,Green Chilli,5500.0
Kerala,Lemon,3500.0
Kerala,Mango,5500.0
Kerala,Snakeguard,3500.0
Kerala,Tapioca,1200.0
Kerala,Tomato,1800.0
Kerala,Amphophalus,3900.0
Kerala,Ashgourd,2000.0
Kerala,Banana,3400.0
Kerala,Banana,5400.0
Kerala,Beetroot,3000.0
Kerala,Bhindi(Ladies Finger),3600.0
Kerala,Bitter Gourd,5200.0
Kerala,Bottle Gourd,2300.0
Kerala,Brinjal,3400.0
Kerala,Cabbage,2400.0
Kerala,Carrot,3900.0
Kerala,Cauliflower,3400.0
Kerala,Cluster Beans,3300.0
Kerala,Colacasia,4400.0
Kerala,Cucumbar(Kheera),2000.0
Kerala,Drumstick,8400.0
Kerala,Ginger(Green),4400.0
Kerala,Green Chilli,2400.0
Kerala,Indian Beans (Seam),3900.0
Kerala,Lemon,4400.0
Kerala,Little Gourd (Kundru),3800.0
Kerala,Mango (Raw-Ripe),7400.0
Kerala,Onion,3400.0
Kerala,Pine Apple,3700.0
Kerala,Potato,2400.0
Kerala,Snakeguard,3000.0
Kerala,Tomato,1900.0
Kerala,Apple,9500.0
Kerala,Arecanut(Betelnut/Supari),18000.0
Kerala,Ashgourd,600.0
Kerala,Banana,2600.0
Kerala,Banana,4700.0
Kerala,Banana,2000.0
Kerala,Banana,2400.0
Kerala,Banana,1200.0
Kerala,Banana - Green,2000.0
Kerala,Bhindi(Ladies Finger),2400.0
Kerala,Bitter Gourd,2800.0
Kerala,Black Pepper,37000.0
Kerala,Brinjal,1400.0
Kerala,Cabbage,1200.0
Kerala,Cardamoms,100000.0
Kerala,Carrot,2800.0
Kerala,Cauliflower,1500.0
Kerala,Cloves,62500.0
Kerala,Coconut,3700.0
Kerala,Coconut,5700.0
Kerala,Coconut Oil,22200.0
Kerala,Coffee,7600.0
Kerala,Colacasia,4500.0
Kerala,Copra,14000.0
Kerala,Cowpea(Veg),2600.0
Kerala,Cucumbar(Kheera),700.0
Kerala,Cucumbar(Kheera),1300.0
Kerala,Drumstick,6500.0
Kerala,French Beans (Frasbean),1400.0
Kerala,Garlic,3300.0
Kerala,Ginger(Dry),12000.0
Kerala,Ginger(Green),3000.0
Kerala,Grapes,4000.0
Kerala,Grapes,5400.0
Kerala,Grapes,3800.0
Kerala,Green Chilli,1800.0
Kerala,Little Gourd (Kundru),2400.0
Kerala,Mango (Raw-Ripe),5400.0
Kerala,Onion,2400.0
Kerala,Onion,3200.0
Kerala,Orange,5000.0
Kerala,Pumpkin,800.0
Kerala,Rice,3300.0
Kerala,Rice,4250.0
Kerala,Ridgeguard(Tori),2200.0
Kerala,Rubber,10200.0
Kerala,Rubber,12200.0
Kerala,Snakeguard,2000.0
Kerala,Tapioca,800.0
Kerala,Turmeric,12000.0
Kerala,Turmeric,2200.0
Kerala,Water Melon,800.0
Kerala,Banana - Green,3250.0
Kerala,Black Pepper,37500.0
Kerala,Coconut Oil,22250.0
Kerala,Onion,3050.0
Kerala,Banana,4800.0
Kerala,Banana,4500.0
Kerala,Black Pepper,38000.0
Kerala,Copra,13000.0
Kerala,Tapioca,2800.0
Kerala,Arecanut(Betelnut/Supari),20250.0
Kerala,Coconut,4200.0
Kerala,Copra,13150.0
Kerala,Rubber,12000.0
Kerala,Amaranthus,1400.0
Kerala,Arecanut(Betelnut/Supari),22000.0
Kerala,Banana - Green,2500.0
Kerala,Black Pepper,39000.0
Kerala,Cabbage,1800.0
Kerala,Cauliflower,3000.0
Kerala,Coconut Oil,22900.0
Kerala,Coconut Seed,4400.0
Kerala,Copra,13500.0
Kerala,Cowpea(Veg),4500.0
Kerala,Cucumbar(Kheera),1000.0
Kerala,Ginger(Green),2800.0
Kerala,Green Chilli,3200.0
Kerala,Pumpkin,1300.0
Kerala,Ridgeguard(Tori),2300.0
Kerala,Tapioca,2500.0
Kerala,Amaranthus,1600.0
Kerala,Arecanut(Betelnut/Supari),22250.0
Kerala,Ashgourd,2300.0
Kerala,Banana - Green,4400.0
Kerala,Bhindi(Ladies Finger),4500.0
Kerala,Bottle Gourd,1600.0
Kerala,Cabbage,2800.0
Kerala,Carrot,2500.0
Kerala,Coconut Seed,4350.0
Kerala,Copra,13050.0
Kerala,Cowpea(Veg),3500.0
Kerala,Cucumbar(Kheera),2300.0
Kerala,Green Chilli,4150.0
Kerala,Indian Beans (Seam),3300.0
Kerala,Little Gourd (Kundru),4500.0
Kerala,Long Melon(Kakri),1100.0
Kerala,Pepper Garbled,38250.0
Kerala,Pumpkin,2300.0
Kerala,Ridgeguard(Tori),3500.0
Kerala,Snakeguard,3300.0
Kerala,Sweet Potato,1900.0
Kerala,Tomato,850.0
Kerala,Banana - Green,3800.0
Kerala,Beetroot,3600.0
Kerala,Bhindi(Ladies Finger),4800.0
Kerala,Cabbage,2600.0
Kerala,Carrot,3600.0
Kerala,Coconut,4400.0
Kerala,Coconut Oil,22000.0
Kerala,Cowpea(Veg),4600.0
Kerala,Cucumbar(Kheera),1800.0
Kerala,Lemon,5000.0
Kerala,Potato,2600.0
Kerala,Pumpkin,2000.0
Kerala,Ridgeguard(Tori),3600.0
Kerala,Snakeguard,3600.0
Kerala,Ashgourd,800.0
Kerala,Banana,4100.0
Kerala,Banana,4600.0
Kerala,Banana,5900.0
Kerala,Banana - Green,4100.0
Kerala,Beetroot,1400.0
Kerala,Bitter Gourd,5300.0
Kerala,Bottle Gourd,1500.0
Kerala,Cabbage,1700.0
Kerala,Capsicum,4300.0
Kerala,Cluster Beans,3000.0
Kerala,Coriander(Leaves),5300.0
Kerala,Cowpea(Veg),3200.0
Kerala,Cucumbar(Kheera),2200.0
Kerala,Drumstick,6300.0
Kerala,Ginger(Green),5300.0
Kerala,Indian Beans (Seam),4000.0
Kerala,Lemon,4800.0
Kerala,Little Gourd (Kundru),2000.0
Kerala,Long Melon(Kakri),1700.0
Kerala,Mango (Raw-Ripe),6800.0
Kerala,Mint(Pudina),6300.0
Kerala,Pumpkin,900.0
Kerala,Tomato,2200.0
Kerala,Yam (Ratalu),6300.0
Kerala,Amaranthus,3200.0
Kerala,Apple,12000.0
Kerala,Ashgourd,3600.0
Kerala,Banana,3600.0
Kerala,Beetroot,4000.0
Kerala,Bottle Gourd,3700.0
Kerala,Brinjal,3900.0
Kerala,Cabbage,5300.0
Kerala,Capsicum,3700.0
Kerala,Cauliflower,5500.0
Kerala,Cowpea(Veg),4200.0
Kerala,Potato,3800.0
Kerala,Pumpkin,3200.0
Kerala,Snakeguard,4300.0
Kerala,Tomato,4200.0
Kerala,Banana - Green,2800.0
Kerala,Bitter Gourd,3900.0
Kerala,Coconut,5100.0
Kerala,Colacasia,3000.0
Kerala,Cowpea(Veg),4100.0
Kerala,Drumstick,5800.0
Kerala,Garlic,3500.0
Kerala,Ginger(Green),3800.0
Kerala,Green Chilli,1600.0
Kerala,Little Gourd (Kundru),1600.0
Kerala,Mango (Raw-Ripe),5800.0
Kerala,Onion,2900.0
Kerala,Pine Apple,2000.0
Kerala,Bhindi(Ladies Finger),2000.0
Kerala,Bitter Gourd,3200.0
Kerala,Brinjal,1000.0
Kerala,Cabbage,1400.0
Kerala,Cluster Beans,2200.0
Kerala,Colacasia,3300.0
Kerala,Cucumbar(Kheera),1600.0
Kerala,Elephant Yam (Suran),2800.0
Kerala,Green Chilli,1500.0
Kerala,Little Gourd (Kundru),2300.0
Kerala,Mango (Raw-Ripe),4800.0
Kerala,Onion,2500.0
Kerala,Tomato,1400.0
Kerala,Beetroot,2500.0
Kerala,Cabbage,2300.0
Kerala,Cucumbar(Kheera),2600.0
Kerala,Onion,3700.0
Kerala,Tomato,2600.0
Kerala,Ashgourd,1700.0
Kerala,Bitter Gourd,4700.0
Kerala,Brinjal,3700.0
Kerala,Cabbage,3200.0
Kerala,Drumstick,7200.0
Kerala,Ginger(Green),4200.0
Kerala,Indian Beans (Seam),2200.0
Kerala,Mango (Raw-Ripe),7200.0
Kerala,Rubber,11500.0
Kerala,Amaranthus,2300.0
Kerala,Banana,4300.0
Kerala,Banana,3100.0
Kerala,Banana - Green,3300.0
Kerala,Bhindi(Ladies Finger),2300.0
Kerala,Brinjal,2600.0
Kerala,Brinjal,1600.0
Kerala,Cauliflower,3500.0
Kerala,Cluster Beans,2400.0
Kerala,Coconut Oil,20400.0
Kerala,Lemon,5500.0
Kerala,Mango,5800.0
Kerala,Banana,3300.0
Kerala,Bottle Gourd,2000.0
Kerala,Cluster Beans,2500.0
Kerala,Ginger(Green),5000.0
Kerala,Tomato,800.0
Kerala,Amphophalus,2400.0
Kerala,Banana,2300.0
Kerala,Banana - Green,1800.0
Kerala,Beetroot,1600.0
Kerala,Bitter Gourd,2200.0
Kerala,Bottle Gourd,800.0
Kerala,Carrot,3200.0
Kerala,Coconut Seed,3800.0
Kerala,Cowpea(Veg),1800.0
Kerala,Cucumbar(Kheera),800.0
Kerala,French Beans (Frasbean),2400.0
Kerala,Ginger(Green),2200.0
Kerala,Onion,1600.0
Kerala,Snakeguard,1400.0
Kerala,Tomato,600.0
Kerala,Amaranthus,1500.0
Kerala,Banana - Green,2600.0
Kerala,Bitter Gourd,3000.0
Kerala,Cabbage,1000.0
Kerala,Carrot,2600.0
Kerala,Cauliflower,1600.0
Kerala,Cluster Beans,2000.0
Kerala,Coconut Seed,4700.0
Kerala,Drumstick,7500.0
Kerala,French Beans (Frasbean),2000.0
Kerala,Ginger(Green),2300.0
Kerala,Green Chilli,1700.0
Kerala,Potato,1400.0
Kerala,Pumpkin,700.0
Kerala,Raddish,1500.0
Kerala,Tomato,880.0
Kerala,Amphophalus,3300.0
Kerala,Banana - Green,2300.0
Kerala,Beetroot,1800.0
Kerala,Bhindi(Ladies Finger),2600.0
Kerala,Bottle Gourd,2500.0
Kerala,Brinjal,1200.0
Kerala,Cabbage,1100.0
Kerala,Coriander(Leaves),4000.0
Kerala,Cowpea(Veg),3400.0
Kerala,French Beans (Frasbean),2800.0
Kerala,Amaranthus,1900.0
Kerala,Amla(Nelli Kai),6600.0
Kerala,Apple,9100.0
Kerala,Banana - Green,2400.0
Kerala,Brinjal,2100.0
Kerala,Carrot,4100.0
Kerala,Cauliflower,2100.0
Kerala,Cluster Beans,1900.0
Kerala,Coconut Oil,22500.0
Kerala,Drumstick,8100.0
Kerala,French Beans (Frasbean),2900.0
Kerala,Garlic,4100.0
Kerala,Ginger(Green),4100.0
Kerala,Grapes,3900.0
Kerala,Onion,3900.0
Kerala,Orange,6100.0
Kerala,Pumpkin,1500.0
Kerala,Snakeguard,1900.0
Kerala,Amla(Nelli Kai),6500.0
Kerala,Apple,7600.0
Kerala,Ashgourd,1100.0
Kerala,Banana,2580.0
Kerala,Banana - Green,2890.0
Kerala,Bhindi(Ladies Finger),2900.0
Kerala,Bitter Gourd,2760.0
Kerala,Bottle Gourd,1250.0
Kerala,Coconut Oil,19300.0
Kerala,Cucumbar(Kheera),1250.0
Kerala,Drumstick,6600.0
Kerala,Ginger(Green),3400.0
Kerala,Grapes,3450.0
Kerala,Grapes,4400.0
Kerala,Mango (Raw-Ripe),5550.0
Kerala,Orange,4400.0
Kerala,Papaya (Raw),1900.0
Kerala,Pine Apple,2800.0
Kerala,Potato,2100.0
Kerala,Tomato,500.0
Kerala,Water Melon,1430.0
Kerala,Amaranthus,1300.0
Kerala,Apple,11900.0
Kerala,Beetroot,1100.0
Kerala,Bitter Gourd,2000.0
Kerala,Brinjal,1800.0
Kerala,Capsicum,3500.0
Kerala,Colacasia,2400.0
Kerala,Cowpea(Veg),2400.0
Kerala,Elephant Yam (Suran),2400.0
Kerala,Ginger(Green),2600.0
Kerala,Onion,3500.0
Kerala,Pepper Ungarbled,38900.0
Kerala,Potato,1700.0
Kerala,Rice,3700.0
Kerala,Snakeguard,800.0
Kerala,Tapioca,1100.0
Kerala,Tomato,1000.0
Kerala,Amla(Nelli Kai),3400.0
Kerala,Bottle Gourd,1400.0
Kerala,Capsicum,4100.0
Kerala,Carrot,2700.0
Kerala,Cauliflower,1700.0
Kerala,Drumstick,5300.0
Kerala,Grapes,3700.0
Kerala,Orange,2900.0
Kerala,Pine Apple,2900.0
Kerala,Potato,1500.0
Kerala,Pumpkin,1100.0
Kerala,Tomato,1100.0
Kerala,Apple,15000.0
Kerala,Ashgourd,2600.0
Kerala,Banana,3000.0
Kerala,Black Gram (Urd Beans),10000.0
Kerala,Bottle Gourd,2100.0
Kerala,Brinjal,3000.0
Kerala,Cabbage,2500.0
Kerala,Capsicum,8000.0
Kerala,Carrot,5000.0
Kerala,Cauliflower,4800.0
Kerala,Drumstick,11000.0
Kerala,Garlic,5000.0
Kerala,Grapes,8000.0
Kerala,Green Chilli,4000.0
Kerala,Mango,7800.0
Kerala,Onion,4500.0
Kerala,Rice,2600.0
Kerala,Rice,2800.0
Kerala,Sweet Potato,4500.0
Kerala,Arhar (Tur/Red Gram),7800.0
Kerala,Banana,5500.0
Kerala,Bengal Gram(Gram),6800.0
Kerala,Bhindi(Ladies Finger),1300.0
Kerala,Bitter Gourd,3300.0
Kerala,Black Gram (Urd Beans),7300.0
Kerala,Black Gram (Urd Beans),8300.0
Kerala,Bottle Gourd,1300.0
Kerala,Brinjal,1300.0
Kerala,Capsicum,3300.0
Kerala,Chili Red,9300.0
Kerala,Cluster Beans,2300.0
Kerala,Colacasia,2800.0
Kerala,Cowpea (Lobia/Karamani),6800.0
Kerala,Cowpea(Veg),1300.0
Kerala,French Beans (Frasbean),2300.0
Kerala,Garlic,6600.0
Kerala,Green Avare (W),1300.0
Kerala,Green Chilli,1300.0
Kerala,Green Gram (Moong),7800.0
Kerala,Green Peas,5800.0
Kerala,Kabuli Chana(Chickpeas-White),11800.0
Kerala,Lemon,3200.0
Kerala,Lime,3300.0
Kerala,Mango (Raw-Ripe),4600.0
Kerala,Potato,2300.0
Kerala,Sweet Potato,1800.0
Kerala,Tapioca,2600.0
Kerala,Cowpea (Lobia/Karamani),3500.0
Kerala,Elephant Yam (Suran),3250.0
Kerala,French Beans (Frasbean),3500.0
Kerala,Green Avare (W),2500.0
Kerala,Green Chilli,2800.0
Kerala,Mango,7500.0
Kerala,Onion,3250.0
Kerala,Tapioca,1800.0
Kerala,Amaranthus,2750.0
Kerala,Arhar (Tur/Red Gram),7250.0
Kerala,Beetroot,2250.0
Kerala,Bengal Gram(Gram),6250.0
Kerala,Bengal Gram(Gram),7250.0
Kerala,Bitter Gourd,3250.0
Kerala,Black Gram (Urd Beans),6750.0
Kerala,Black Gram (Urd Beans),7750.0
Kerala,Carrot,3250.0
Kerala,Cauliflower,2250.0
Kerala,Chili Red,10000.0
Kerala,Colacasia,3250.0
Kerala,Cowpea (Lobia/Karamani),6750.0
Kerala,Cowpea(Veg),2300.0
Kerala,Drumstick,7750.0
Kerala,French Beans (Frasbean),2750.0
Kerala,Garlic,6000.0
Kerala,Ginger(Green),3100.0
Kerala,Green Avare (W),2600.0
Kerala,Green Chilli,2100.0
Kerala,Green Gram (Moong),7250.0
Kerala,Green Gram (Moong),8250.0
Kerala,Green Peas,5250.0
Kerala,Kabuli Chana(Chickpeas-White),13250.0
Kerala,Lemon,2400.0
Kerala,Lime,3250.0
Kerala,Little Gourd (Kundru),2750.0
Kerala,Mango (Raw-Ripe),9250.0
Kerala,Onion,6250.0
Kerala,Pepper Ungarbled,43500.0
Kerala,Pine Apple,3250.0
Kerala,Pumpkin,1250.0
Kerala,Rubber,12250.0
Kerala,Rubber,13900.0
Kerala,Sweet Potato,2500.0
Kerala,Tapioca,3250.0
Kerala,Tomato,1750.0
Kerala,Banana,1700.0
Kerala,Bitter Gourd,5000.0
Kerala,Coconut Oil,16300.0
Kerala,Coconut Seed,4200.0
Kerala,Cowpea(Veg),4300.0
Kerala,Pepper Ungarbled,39300.0
Kerala,Amaranthus,2826.0
Kerala,Apple,15050.0
Kerala,Apple,11050.0
Kerala,Ashgourd,1726.0
Kerala,Banana,4026.0
Kerala,Banana,3321.0
Kerala,Banana,5028.0
Kerala,Banana,7520.0
Kerala,Banana,3028.0
Kerala,Banana - Green,4325.0
Kerala,Beetroot,1722.0
Kerala,Bhindi(Ladies Finger),2724.0
Kerala,Bitter Gourd,5826.0
Kerala,Bottle Gourd,1724.0
Kerala,Brinjal,1825.0
Kerala,Cabbage,1726.0
Kerala,Capsicum,3728.0
Kerala,Carrot,3728.0
Kerala,Cauliflower,3328.0
Kerala,Chili Red,9000.0
Kerala,Cluster Beans,3824.0
Kerala,Colacasia,4627.0
Kerala,Cowpea(Veg),5726.0
Kerala,Cucumbar(Kheera),1824.0
Kerala,Drumstick,7528.0
Kerala,Elephant Yam (Suran),3723.0
Kerala,Ginger(Green),4826.0
Kerala,Grapes,5050.0
Kerala,Grapes,11050.0
Kerala,Green Chilli,3825.0
Kerala,Green Chilli,2623.0
Kerala,Green Gram (Moong),7000.0
Kerala,Lemon,4826.0
Kerala,Mango (Raw-Ripe),7728.0
Kerala,Onion,3325.0
Kerala,Onion,3728.0
Kerala,Orange,7050.0
Kerala,Pine Apple,3224.0
Kerala,Potato,2230.0
Kerala,Pumpkin,1422.0
Kerala,Snakeguard,2728.0
Kerala,Tomato,1826.0
Kerala,Amaranthus,3100.0
Kerala,Banana,5300.0
Kerala,Bitter Gourd,7000.0
Kerala,Brinjal,5000.0
Kerala,Cowpea(Veg),5700.0
Kerala,Elephant Yam (Suran),3100.0
Kerala,Pumpkin,1900.0
Kerala,Snakeguard,2100.0
Kerala,Tapioca,1300.0
Kerala,Amaranthus,4700.0
Kerala,Banana - Green,4800.0
Kerala,Beetroot,2400.0
Kerala,Bhindi(Ladies Finger),1800.0
Kerala,Brinjal,1700.0
Kerala,Carrot,2400.0
Kerala,Cluster Beans,2800.0
Kerala,Cucumbar(Kheera),1700.0
Kerala,Duster Beans,2700.0
Kerala,Amaranthus,4000.0
Kerala,Beetroot,2800.0
Kerala,Bitter Gourd,3800.0
Kerala,Brinjal,5800.0
Kerala,Capsicum,2800.0
Kerala,Cluster Beans,3800.0
Kerala,Cowpea(Veg),4800.0
Kerala,Drumstick,2800.0
Kerala,Elephant Yam (Suran),3800.0
Kerala,Green Chilli,30.0
Kerala,Onion,5800.0
Kerala,Onion Green,3800.0
Kerala,Black Pepper,42000.0
Kerala,Brinjal,1900.0
Kerala,Coffee,11200.0
Kerala,Colacasia,3100.0
Kerala,Cowpea(Veg),3100.0
Kerala,Ginger(Green),1600.0
Kerala,Green Chilli,2700.0
Kerala,Bitter Gourd,1300.0
Kerala,Coffee,6600.0
Kerala,Ginger(Dry),1150.0
Kerala,Paddy(Dhan),2400.0
Kerala,Pepper Ungarbled,38500.0
Kerala,Rubber,12400.0
Madhya Pradesh,Arhar (Tur/Red Gram),3400.0
Madhya Pradesh,Cotton,4300.0
Madhya Pradesh,Cotton,4560.0
Madhya Pradesh,Bengal Gram(Gram),2950.0
Madhya Pradesh,Cabbage,1100.0
Madhya Pradesh,Carrot,1100.0
Madhya Pradesh,Coriander(Leaves),600.0
Madhya Pradesh,Maize,1060.0
Madhya Pradesh,Mustard,3300.0
Madhya Pradesh,Soyabean,3380.0
Madhya Pradesh,Spinach,800.0
Madhya Pradesh,Wheat,1585.0
Madhya Pradesh,Arhar (Tur/Red Gram),3941.0
Madhya Pradesh,Bengal Gram(Gram),3500.0
Madhya Pradesh,Cotton,4650.0
Madhya Pradesh,Maize,1050.0
Madhya Pradesh,Soyabean,3302.0
Madhya Pradesh,Wheat,1625.0
Madhya Pradesh,Bhindi(Ladies Finger),3000.0
Madhya Pradesh,Cabbage,1000.0
Madhya Pradesh,Green Chilli,2000.0
Madhya Pradesh,Onion,2000.0
Madhya Pradesh,Potato,800.0
Madhya Pradesh,Tomato,1000.0
Madhya Pradesh,Brinjal,700.0
Madhya Pradesh,Cabbage,850.0
Madhya Pradesh,Cauliflower,900.0
Madhya Pradesh,Garlic,2050.0
Madhya Pradesh,Green Chilli,2350.0
Madhya Pradesh,Onion,1650.0
Madhya Pradesh,Peas Wet,1650.0
Madhya Pradesh,Potato,400.0
Madhya Pradesh,Tomato,500.0
Madhya Pradesh,Brinjal,500.0
Madhya Pradesh,Cauliflower,800.0
Madhya Pradesh,Garlic,1000.0
Madhya Pradesh,Green Chilli,3000.0
Madhya Pradesh,Onion,1200.0
Madhya Pradesh,Peas Wet,1000.0
Madhya Pradesh,Kabuli Chana(Chickpeas-White),6300.0
Madhya Pradesh,Maize,1080.0
Madhya Pradesh,Soyabean,3300.0
Madhya Pradesh,Wheat,1600.0
Madhya Pradesh,Onion,1000.0
Madhya Pradesh,Lentil(Masur),2600.0
Madhya Pradesh,Linseed,3650.0
Madhya Pradesh,Bengal Gram(Gram),3380.0
Madhya Pradesh,Bengal Gram(Gram),1400.0
Madhya Pradesh,Black Gram (Urd Beans),2875.0
Madhya Pradesh,"Sesamum(Sesame,Gingelly,Til)",7658.0
Madhya Pradesh,Wheat,1581.0
Madhya Pradesh,Apple,2000.0
Madhya Pradesh,Bottle Gourd,600.0
Madhya Pradesh,Cabbage,500.0
Madhya Pradesh,Capsicum,1600.0
Madhya Pradesh,Carrot,700.0
Madhya Pradesh,Cauliflower,400.0
Madhya Pradesh,Green Chilli,3700.0
Madhya Pradesh,Methi(Leaves),500.0
Madhya Pradesh,Onion,2100.0
Madhya Pradesh,Papaya,1000.0
Madhya Pradesh,Peas Wet,800.0
Madhya Pradesh,Plum,1000.0
Madhya Pradesh,Pomegranate,2500.0
Madhya Pradesh,Potato,600.0
Madhya Pradesh,Raddish,600.0
Madhya Pradesh,Ridgeguard(Tori),2400.0
Madhya Pradesh,Spinach,600.0
Madhya Pradesh,Tomato,650.0
Madhya Pradesh,Arhar (Tur/Red Gram),3595.0
Madhya Pradesh,Linseed,1650.0
Madhya Pradesh,Mustard,3500.0
Madhya Pradesh,Soyabean,3400.0
Madhya Pradesh,Wheat,1575.0
Madhya Pradesh,Apple,5000.0
Madhya Pradesh,Cabbage,400.0
Madhya Pradesh,Grapes,2500.0
Madhya Pradesh,Green Chilli,2500.0
Madhya Pradesh,Onion,1750.0
Madhya Pradesh,Potato,700.0
Madhya Pradesh,Bengal Gram(Gram),3402.0
Madhya Pradesh,Bhindi(Ladies Finger),1700.0
Madhya Pradesh,Bottle Gourd,825.0
Madhya Pradesh,Brinjal,825.0
Madhya Pradesh,Cauliflower,825.0
Madhya Pradesh,Green Chilli,1950.0
Madhya Pradesh,Methi(Leaves),625.0
Madhya Pradesh,Onion,975.0
Madhya Pradesh,Potato,475.0
Madhya Pradesh,Soyabean,1571.0
Madhya Pradesh,Spinach,625.0
Madhya Pradesh,Tomato,950.0
Madhya Pradesh,Wheat,1571.0
Madhya Pradesh,Arhar (Tur/Red Gram),3890.0
Madhya Pradesh,Maize,1108.0
Madhya Pradesh,Soyabean,3573.0
Madhya Pradesh,Wheat,1640.0
Madhya Pradesh,Mustard,3700.0
Madhya Pradesh,Bengal Gram(Gram),3185.0
Madhya Pradesh,Corriander Seed,3580.0
Madhya Pradesh,Soyabean,3537.0
Madhya Pradesh,Arhar (Tur/Red Gram),3120.0
Madhya Pradesh,Mustard,3330.0
Madhya Pradesh,Wheat,1535.0
Madhya Pradesh,Bengal Gram(Gram),3540.0
Madhya Pradesh,Black Gram (Urd Beans),2200.0
Madhya Pradesh,Lentil(Masur),3125.0
Madhya Pradesh,Soyabean,3350.0
Madhya Pradesh,Soyabean,3395.0
Madhya Pradesh,Arhar (Tur/Red Gram),3450.0
Madhya Pradesh,Bengal Gram(Gram),3475.0
Madhya Pradesh,Corriander Seed,3300.0
Madhya Pradesh,Garlic,1050.0
Madhya Pradesh,Ginger(Green),2000.0
Madhya Pradesh,Green Chilli,1300.0
Madhya Pradesh,Lentil(Masur),3100.0
Madhya Pradesh,Maize,1025.0
Madhya Pradesh,Onion,1550.0
Madhya Pradesh,Potato,300.0
Madhya Pradesh,Soyabean,3540.0
Madhya Pradesh,Wheat,1540.0
Madhya Pradesh,Bengal Gram(Gram),3451.0
Madhya Pradesh,Mustard,3126.0
Madhya Pradesh,Soyabean,3451.0
Madhya Pradesh,Arhar (Tur/Red Gram),4100.0
Madhya Pradesh,Black Gram (Urd Beans),2860.0
Madhya Pradesh,Kabuli Chana(Chickpeas-White),6000.0
Madhya Pradesh,Soyabean,3560.0
Madhya Pradesh,Wheat,2415.0
Madhya Pradesh,Bengal Gram(Gram),3300.0
Madhya Pradesh,Mustard,3425.0
Madhya Pradesh,Soyabean,3565.0
Madhya Pradesh,Wheat,1560.0
Madhya Pradesh,Arhar (Tur/Red Gram),3440.0
Madhya Pradesh,Black Gram (Urd Beans),1881.0
Madhya Pradesh,Soyabean,3501.0
Madhya Pradesh,Wheat,1599.0
Madhya Pradesh,Arhar (Tur/Red Gram),3100.0
Madhya Pradesh,Lentil(Masur),2900.0
Madhya Pradesh,Maize,1020.0
Madhya Pradesh,Wheat,1550.0
Madhya Pradesh,Bengal Gram(Gram),3440.0
Madhya Pradesh,Black Gram (Urd Beans),2400.0
Madhya Pradesh,Corriander Seed,3800.0
Madhya Pradesh,Lentil(Masur),3150.0
Madhya Pradesh,Mustard,3260.0
Madhya Pradesh,Soyabean,3500.0
Madhya Pradesh,Wheat,1580.0
Madhya Pradesh,Lentil(Masur),2925.0
Madhya Pradesh,Wheat,1650.0
Madhya Pradesh,Onion,800.0
Madhya Pradesh,Mustard,3000.0
Madhya Pradesh,Wheat,1530.0
Madhya Pradesh,Bengal Gram(Gram),3391.0
Madhya Pradesh,Black Gram (Urd Beans),3096.0
Madhya Pradesh,Wheat,1561.0
Madhya Pradesh,Bottle Gourd,550.0
Madhya Pradesh,Cauliflower,450.0
Madhya Pradesh,Potato,650.0
Madhya Pradesh,Arhar (Tur/Red Gram),3475.0
Madhya Pradesh,Kabuli Chana(Chickpeas-White),3535.0
Madhya Pradesh,Soyabean,3336.0
Madhya Pradesh,Wheat,1455.0
Madhya Pradesh,Linseed,3500.0
Madhya Pradesh,Bengal Gram(Gram),3490.0
Madhya Pradesh,Kabuli Chana(Chickpeas-White),6514.0
Madhya Pradesh,Lentil(Masur),3185.0
Madhya Pradesh,Methi Seeds,2800.0
Madhya Pradesh,Peas(Dry),1230.0
Madhya Pradesh,Soyabean,3625.0
Madhya Pradesh,Wheat,1620.0
Madhya Pradesh,Soyabean,3425.0
Madhya Pradesh,Wheat,1666.0
Madhya Pradesh,Arhar (Tur/Red Gram),3000.0
Madhya Pradesh,Bengal Gram Dal (Chana Dal),3581.0
Madhya Pradesh,Bengal Gram Dal (Chana Dal),3450.0
Madhya Pradesh,Black Gram Dal (Urd Dal),2700.0
Madhya Pradesh,Corriander Seed,3540.0
Madhya Pradesh,Kabuli Chana(Chickpeas-White),6651.0
Madhya Pradesh,Masur Dal,2849.0
Madhya Pradesh,Methi Seeds,2698.0
Madhya Pradesh,Mustard,3225.0
Madhya Pradesh,Mustard,3255.0
Madhya Pradesh,Peas(Dry),1151.0
Madhya Pradesh,Soyabean,3551.0
Madhya Pradesh,Wheat,1680.0
Madhya Pradesh,Ber(Zizyphus/Borehannu),732.0
Madhya Pradesh,Bottle Gourd,700.0
Madhya Pradesh,Cabbage,600.0
Madhya Pradesh,Cauliflower,600.0
Madhya Pradesh,Chikoos(Sapota),1500.0
Madhya Pradesh,Ginger(Green),1600.0
Madhya Pradesh,Grapes,2464.0
Madhya Pradesh,Green Chilli,1600.0
Madhya Pradesh,Methi(Leaves),900.0
Madhya Pradesh,Orange,1719.0
Madhya Pradesh,Spinach,700.0
Madhya Pradesh,Tomato,700.0
Madhya Pradesh,Bengal Gram(Gram),3275.0
Madhya Pradesh,Wheat,1549.0
Maharashtra,Bajra(Pearl Millet/Cumbu),1500.0
Maharashtra,Maize,1200.0
Maharashtra,Wheat,1700.0
Maharashtra,Arhar (Tur/Red Gram),3995.0
Maharashtra,Bengal Gram(Gram),3660.0
Maharashtra,Maize,1080.0
Maharashtra,Onion,1250.0
Maharashtra,Soyabean,3610.0
Maharashtra,Wheat,1595.0
Maharashtra,Onion,1700.0
Maharashtra,Onion,1670.0
Maharashtra,Bajra(Pearl Millet/Cumbu),1306.0
Maharashtra,Bengal Gram(Gram),3500.0
Maharashtra,Jowar(Sorghum),1125.0
Maharashtra,Maize,1050.0
Maharashtra,Onion,1600.0
Maharashtra,Pomegranate,6000.0
Maharashtra,Soyabean,3500.0
Maharashtra,Wheat,1650.0
Maharashtra,Arhar (Tur/Red Gram),3700.0
Maharashtra,Bajra(Pearl Millet/Cumbu),1675.0
Maharashtra,Bengal Gram(Gram),3400.0
Maharashtra,Jowar(Sorghum),1400.0
Maharashtra,Maize,850.0
Maharashtra,Mataki,5700.0
Maharashtra,Soyabean,3551.0
Maharashtra,Wheat,1575.0
Maharashtra,Arhar (Tur/Red Gram),4050.0
Maharashtra,Bajra(Pearl Millet/Cumbu),1000.0
Maharashtra,Jowar(Sorghum),1725.0
Maharashtra,Wheat,1600.0
Maharashtra,Arhar (Tur/Red Gram),4150.0
Maharashtra,Jowar(Sorghum),1450.0
Maharashtra,Arhar (Tur/Red Gram),3750.0
Maharashtra,Bajra(Pearl Millet/Cumbu),1030.0
Maharashtra,Bhindi(Ladies Finger),2000.0
Maharashtra,Bitter Gourd,2750.0
Maharashtra,Bottle Gourd,700.0
Maharashtra,Brinjal,900.0
Maharashtra,Cabbage,500.0
Maharashtra,Carrot,900.0
Maharashtra,Cauliflower,700.0
Maharashtra,Chikoos(Sapota),2000.0
Maharashtra,Chilly Capsicum,1750.0
Maharashtra,Coriander(Leaves),2.0
Maharashtra,Cucumbar(Kheera),1250.0
Maharashtra,Drumstick,2550.0
Maharashtra,Garlic,1750.0
Maharashtra,Ginger(Dry),2000.0
Maharashtra,Green Chilli,4000.0
Maharashtra,Jowar(Sorghum),1800.0
Maharashtra,Lime,900.0
Maharashtra,Maize,1025.0
Maharashtra,Onion Green,3.0
Maharashtra,Peas Wet,1750.0
Maharashtra,Potato,700.0
Maharashtra,Raddish,3.0
Maharashtra,Soyabean,3300.0
Maharashtra,Spinach,3.0
Maharashtra,Sweet Potato,1250.0
Maharashtra,Tamarind Fruit,3000.0
Maharashtra,Tomato,700.0
Maharashtra,Arhar (Tur/Red Gram),4390.0
Maharashtra,Bengal Gram(Gram),3545.0
Maharashtra,Black Gram (Urd Beans),3200.0
Maharashtra,Green Gram (Moong),4700.0
Maharashtra,Jowar(Sorghum),1300.0
Maharashtra,Soyabean,3435.0
Maharashtra,Wheat,1510.0
Maharashtra,Wheat,2140.0
Maharashtra,Cotton,4600.0
Maharashtra,Arhar (Tur/Red Gram),4398.0
Maharashtra,Bajra(Pearl Millet/Cumbu),1650.0
Maharashtra,Bengal Gram(Gram),3600.0
Maharashtra,Black Gram (Urd Beans),2775.0
Maharashtra,Cotton,4625.0
Maharashtra,Green Gram (Moong),3625.0
Maharashtra,Jowar(Sorghum),1675.0
Maharashtra,"Sesamum(Sesame,Gingelly,Til)",7250.0
Maharashtra,Soyabean,3491.0
Maharashtra,Wheat,1975.0
Maharashtra,Apple,4750.0
Maharashtra,Beetroot,650.0
Maharashtra,Bhindi(Ladies Finger),2700.0
Maharashtra,Bitter Gourd,2300.0
Maharashtra,Brinjal,1500.0
Maharashtra,Cabbage,550.0
Maharashtra,Carrot,1500.0
Maharashtra,Chikoos(Sapota),1250.0
Maharashtra,Chilly Capsicum,2100.0
Maharashtra,Coriander(Leaves),1100.0
Maharashtra,Cucumbar(Kheera),1300.0
Maharashtra,Garlic,1500.0
Maharashtra,Ginger(Dry),2250.0
Maharashtra,Grapes,4000.0
Maharashtra,Green Chilli,4500.0
Maharashtra,Guar,4250.0
Maharashtra,Karbuja(Musk Melon),1700.0
Maharashtra,Onion,1200.0
Maharashtra,Peas Wet,1500.0
Maharashtra,Pomegranate,4500.0
Maharashtra,Potato,850.0
Maharashtra,Spinach,450.0
Maharashtra,Arhar (Tur/Red Gram),3950.0
Maharashtra,Cotton,4350.0
Maharashtra,Arhar (Tur/Red Gram),4200.0
Maharashtra,Soyabean,3550.0
Maharashtra,Bajra(Pearl Millet/Cumbu),1038.0
Maharashtra,Bengal Gram(Gram),3746.0
Maharashtra,Jowar(Sorghum),1525.0
Maharashtra,Maize,1036.0
Maharashtra,Soyabean,3225.0
Maharashtra,Wheat,1710.0
Maharashtra,Bajra(Pearl Millet/Cumbu),1275.0
Maharashtra,Bengal Gram(Gram),3540.0
Maharashtra,Jowar(Sorghum),1440.0
Maharashtra,Maize,1034.0
Maharashtra,Wheat,1649.0
Maharashtra,Arhar (Tur/Red Gram),3900.0
Maharashtra,Bajra(Pearl Millet/Cumbu),976.0
Maharashtra,Bengal Gram(Gram),3490.0
Maharashtra,Jowar(Sorghum),1500.0
Maharashtra,Wheat,1611.0
Maharashtra,Cotton,4800.0
Maharashtra,Maize,1150.0
Maharashtra,Arhar (Tur/Red Gram),4100.0
Maharashtra,Bengal Gram(Gram),3550.0
Maharashtra,Green Gram (Moong),5000.0
Maharashtra,Kulthi(Horse Gram),2512.0
Maharashtra,Maize,1070.0
Maharashtra,Mataki,3812.0
Maharashtra,Wheat,1640.0
Maharashtra,Arhar (Tur/Red Gram),4250.0
Maharashtra,Jowar(Sorghum),1565.0
Maharashtra,Maize,1040.0
Maharashtra,Soyabean,3601.0
Maharashtra,Wheat,1651.0
Maharashtra,Arhar (Tur/Red Gram),5450.0
Maharashtra,Cotton,4900.0
Maharashtra,Arhar (Tur/Red Gram),3850.0
Maharashtra,Wheat,1680.0
Maharashtra,Rice,1930.0
Maharashtra,Bajra(Pearl Millet/Cumbu),1751.0
Maharashtra,Cotton,5100.0
Maharashtra,Arhar (Tur/Red Gram),4325.0
Maharashtra,Bengal Gram(Gram),3712.0
Maharashtra,Soyabean,3665.0
Maharashtra,Wheat,1587.0
Maharashtra,Arhar (Tur/Red Gram),4300.0
Maharashtra,Bengal Gram(Gram),3650.0
Maharashtra,Green Gram (Moong),4375.0
Maharashtra,Jowar(Sorghum),1060.0
Maharashtra,Onion,1300.0
Maharashtra,Soyabean,3450.0
Maharashtra,Wheat,1730.0
Maharashtra,Paddy(Dhan),2400.0
Maharashtra,Paddy(Dhan),2450.0
Maharashtra,Paddy(Dhan),2445.0
Maharashtra,Arhar (Tur/Red Gram),4165.0
Maharashtra,Cotton,4691.0
Maharashtra,Soyabean,3533.0
Maharashtra,Arhar (Tur/Red Gram),4025.0
Maharashtra,Bajra(Pearl Millet/Cumbu),971.0
Maharashtra,Bengal Gram(Gram),3485.0
Maharashtra,Black Gram (Urd Beans),2725.0
Maharashtra,Chili Red,1699.0
Maharashtra,Green Gram (Moong),3800.0
Maharashtra,Jowar(Sorghum),1025.0
Maharashtra,Maize,1100.0
Maharashtra,Mataki,4780.0
Maharashtra,Cotton,4500.0
Maharashtra,Groundnut,3741.0
Maharashtra,Paddy(Dhan),1550.0
Maharashtra,Bajra(Pearl Millet/Cumbu),1200.0
Maharashtra,Bengal Gram(Gram),3580.0
Maharashtra,Jowar(Sorghum),1250.0
Maharashtra,Bajra(Pearl Millet/Cumbu),1020.0
Maharashtra,Bengal Gram(Gram),7001.0
Maharashtra,Black Gram (Urd Beans),3150.0
Maharashtra,Gur(Jaggery),2391.0
Maharashtra,Gur(Jaggery),2675.0
Maharashtra,Jowar(Sorghum),1700.0
Maharashtra,Soyabean,3525.0
Maharashtra,Wheat,1620.0
Maharashtra,Arhar (Tur/Red Gram),4350.0
Maharashtra,Green Gram (Moong),4100.0
Maharashtra,Jowar(Sorghum),1350.0
Maharashtra,Soyabean,3400.0
Maharashtra,Bengal Gram(Gram),3560.0
Maharashtra,Cotton,4700.0
Maharashtra,Soyabean,3426.0
Maharashtra,Wheat,1665.0
Maharashtra,Cotton,3800.0
Maharashtra,Arhar (Tur/Red Gram),3400.0
Maharashtra,Black Gram (Urd Beans),3025.0
Maharashtra,Jowar(Sorghum),1225.0
Maharashtra,Arhar (Tur/Red Gram),3800.0
Maharashtra,Banana,300.0
Maharashtra,Bhindi(Ladies Finger),1800.0
Maharashtra,Black Gram (Urd Beans),3425.0
Maharashtra,Brinjal,600.0
Maharashtra,Carrot,1000.0
Maharashtra,Cauliflower,400.0
Maharashtra,Coriander(Leaves),800.0
Maharashtra,Corriander Seed,6200.0
Maharashtra,Cucumbar(Kheera),800.0
Maharashtra,Garlic,2500.0
Maharashtra,Ginger(Dry),2200.0
Maharashtra,Gur(Jaggery),2515.0
Maharashtra,Lime,1000.0
Maharashtra,Methi(Leaves),800.0
Maharashtra,Onion,1500.0
Maharashtra,Potato,1000.0
Maharashtra,Soyabean,2750.0
Maharashtra,Spinach,1200.0
Maharashtra,Tomato,400.0
Maharashtra,Jowar(Sorghum),1775.0
Maharashtra,Maize,1425.0
Maharashtra,Bajra(Pearl Millet/Cumbu),1211.0
Maharashtra,Bengal Gram(Gram),3501.0
Maharashtra,Jowar(Sorghum),1151.0
Maharashtra,Maize,1000.0
Maharashtra,Soyabean,3521.0
Maharashtra,Wheat,1561.0
Maharashtra,Maize,1001.0
Maharashtra,Gur(Jaggery),3200.0
Maharashtra,Potato,900.0
Maharashtra,Arhar Dal(Tur Dal),6500.0
Maharashtra,Bajra(Pearl Millet/Cumbu),1625.0
Maharashtra,Bengal Gram Dal (Chana Dal),5200.0
Maharashtra,Chili Red,34000.0
Maharashtra,Cowpea (Lobia/Karamani),6350.0
Maharashtra,Green Peas,4700.0
Maharashtra,Ground Nut Seed,7800.0
Maharashtra,Jowar(Sorghum),2570.0
Maharashtra,Lentil(Masur),6950.0
Maharashtra,Maize,1500.0
Maharashtra,Masur Dal,4950.0
Maharashtra,Rice,3300.0
Maharashtra,Wheat,2650.0
Maharashtra,Brinjal,180.0
Maharashtra,Cabbage,150.0
Maharashtra,Chilly Capsicum,150.0
Maharashtra,Tomato,150.0
Maharashtra,Bhindi(Ladies Finger),2600.0
Maharashtra,Brinjal,1600.0
Maharashtra,Cabbage,350.0
Maharashtra,Carrot,800.0
Maharashtra,Cauliflower,450.0
Maharashtra,Chilly Capsicum,1800.0
Maharashtra,Coriander(Leaves),3.0
Maharashtra,Green Chilli,1800.0
Maharashtra,Peas Wet,1800.0
Maharashtra,Ridgeguard(Tori),1600.0
Maharashtra,Bengal Gram(Gram),3775.0
Maharashtra,Jowar(Sorghum),925.0
Maharashtra,Soyabean,3667.0
Maharashtra,Bengal Gram(Gram),3645.0
Maharashtra,Soyabean,3599.0
Maharashtra,Arhar (Tur/Red Gram),4400.0
Maharashtra,Bengal Gram(Gram),3820.0
Maharashtra,Black Gram (Urd Beans),3395.0
Maharashtra,Soyabean,3770.0
Maharashtra,Wheat,1750.0
Maharashtra,Arhar (Tur/Red Gram),4531.0
Maharashtra,Bengal Gram(Gram),3750.0
Maharashtra,Black Gram (Urd Beans),3900.0
Maharashtra,Green Gram (Moong),5250.0
Maharashtra,Soyabean,3645.0
Maharashtra,Apple,9000.0
Maharashtra,Chikoos(Sapota),1900.0
Maharashtra,Guava,3550.0
Maharashtra,Orange,2900.0
Maharashtra,Pine Apple,2050.0
Maharashtra,Pomegranate,6900.0
Maharashtra,Water Melon,1200.0
Maharashtra,Arhar Dal(Tur Dal),5600.0
Maharashtra,Bajra(Pearl Millet/Cumbu),1700.0
Maharashtra,Bengal Gram Dal (Chana Dal),5400.0
Maharashtra,Black Gram Dal (Urd Dal),5700.0
Maharashtra,Bottle Gourd,550.0
Maharashtra,Brinjal,1400.0
Maharashtra,Cabbage,600.0
Maharashtra,Cashewnuts,100000.0
Maharashtra,Chili Red,14000.0
Maharashtra,Coconut,2000.0
Maharashtra,Corriander Seed,10000.0
Maharashtra,Cowpea (Lobia/Karamani),4450.0
Maharashtra,Cummin Seed(Jeera),25000.0
Maharashtra,Drumstick,3500.0
Maharashtra,Elephant Yam (Suran),2100.0
Maharashtra,French Beans (Frasbean),2100.0
Maharashtra,Green Chilli,3300.0
Maharashtra,Green Peas,3300.0
Maharashtra,Ground Nut Seed,7200.0
Maharashtra,Guar,3500.0
Maharashtra,Gur(Jaggery),3900.0
Maharashtra,Jowar(Sorghum),2300.0
Maharashtra,Little Gourd (Kundru),2700.0
Maharashtra,Masur Dal,4600.0
Maharashtra,Peas Wet,1700.0
Maharashtra,Rice,9900.0
Maharashtra,Ridgeguard(Tori),2600.0
Maharashtra,Soanf,11000.0
Maharashtra,Sugar,3140.0
Maharashtra,Sweet Potato,2000.0
Maharashtra,Tamarind Fruit,18000.0
Maharashtra,Wheat,2800.0
Maharashtra,Onion,1900.0
Maharashtra,Potato,800.0
Maharashtra,Chili Red,5000.0
Maharashtra,Bhindi(Ladies Finger),2675.0
Maharashtra,Brinjal,515.0
Maharashtra,Cauliflower,235.0
Maharashtra,Coriander(Leaves),845.0
Maharashtra,Green Chilli,3075.0
Maharashtra,Methi(Leaves),260.0
Maharashtra,Raddish,410.0
Maharashtra,Spinach,490.0
Maharashtra,Tomato,685.0
Maharashtra,Bitter Gourd,4600.0
Maharashtra,Bottle Gourd,600.0
Maharashtra,Cabbage,1100.0
Maharashtra,Carrot,1800.0
Maharashtra,Cauliflower,1100.0
Maharashtra,Chilly Capsicum,2600.0
Maharashtra,Cucumbar(Kheera),1100.0
Maharashtra,Garlic,3600.0
Maharashtra,Ginger(Dry),2500.0
Maharashtra,Green Chilli,3100.0
Maharashtra,Guar,2500.0
Maharashtra,Mint(Pudina),2600.0
Maharashtra,Onion,3300.0
Maharashtra,Onion Green,1100.0
Maharashtra,Pumpkin,500.0
Maharashtra,Raddish,500.0
Maharashtra,Spinach,500.0
Maharashtra,Tomato,500.0
Maharashtra,Arhar (Tur/Red Gram),4210.0
Maharashtra,Bengal Gram(Gram),3620.0
Maharashtra,Cotton,4750.0
Maharashtra,Maize,945.0
Maharashtra,Soyabean,3640.0
Maharashtra,Arhar (Tur/Red Gram),4432.0
Maharashtra,Banana,525.0
Maharashtra,Bengal Gram(Gram),3754.0
Maharashtra,Chikoos(Sapota),2250.0
Maharashtra,Corriander Seed,4900.0
Maharashtra,Grapes,4750.0
Maharashtra,Maize,1262.0
Maharashtra,Orange,2450.0
Maharashtra,Paddy(Dhan),2338.0
Maharashtra,Pine Apple,2875.0
Maharashtra,Pomegranate,4750.0
Maharashtra,Soyabean,3462.0
Maharashtra,Wheat,1725.0
Maharashtra,Wheat,2575.0
Maharashtra,Cotton,4950.0
Maharashtra,Arhar (Tur/Red Gram),4225.0
Maharashtra,Bengal Gram(Gram),3525.0
Maharashtra,Cotton,4970.0
Maharashtra,Soyabean,3425.0
Maharashtra,Black Gram (Urd Beans),2300.0
Maharashtra,Green Gram (Moong),3500.0
Maharashtra,Jowar(Sorghum),1120.0
Maharashtra,Wheat,1500.0
Maharashtra,Arhar (Tur/Red Gram),4450.0
Maharashtra,Cotton,4300.0
Maharashtra,Bengal Gram(Gram),4430.0
Maharashtra,Jowar(Sorghum),1690.0
Maharashtra,Soyabean,3651.0
Maharashtra,Wheat,1551.0
Maharashtra,Bengal Gram(Gram),3700.0
Maharashtra,Onion,1800.0
Maharashtra,Arhar (Tur/Red Gram),3936.0
Maharashtra,Bajra(Pearl Millet/Cumbu),1276.0
Maharashtra,Bengal Gram(Gram),3000.0
Maharashtra,Maize,1085.0
Maharashtra,Wheat,1573.0
Maharashtra,Onion,1851.0
Maharashtra,Onion,1750.0
Maharashtra,Onion,800.0
Maharashtra,Bhindi(Ladies Finger),2915.0
Maharashtra,Bitter Gourd,3335.0
Maharashtra,Bottle Gourd,400.0
Maharashtra,Brinjal,400.0
Maharashtra,Cabbage,335.0
Maharashtra,Cauliflower,355.0
Maharashtra,Chilly Capsicum,2810.0
Maharashtra,Garlic,1850.0
Maharashtra,Guar,4000.0
Maharashtra,Guava,2500.0
Maharashtra,Lime,1250.0
Maharashtra,Pomegranate,4000.0
Maharashtra,Onion,1801.0
Maharashtra,Onion,1725.0
Maharashtra,Soyabean,3600.0
Maharashtra,Cotton,4960.0
Maharashtra,Bengal Gram(Gram),3570.0
Maharashtra,Green Gram (Moong),4000.0
Maharashtra,Jowar(Sorghum),1325.0
Maharashtra,Wheat,1451.0
Maharashtra,Soyabean,3852.0
Maharashtra,Sunflower,3200.0
Maharashtra,Bajra(Pearl Millet/Cumbu),1351.0
Maharashtra,Jowar(Sorghum),1841.0
Maharashtra,Maize,1121.0
Maharashtra,Wheat,1660.0
Maharashtra,Bhindi(Ladies Finger),2500.0
Maharashtra,Bitter Gourd,4500.0
Maharashtra,Bottle Gourd,800.0
Maharashtra,Brinjal,1200.0
Maharashtra,Cabbage,300.0
Maharashtra,Carrot,1600.0
Maharashtra,Cauliflower,300.0
Maharashtra,Chilly Capsicum,2000.0
Maharashtra,Coriander(Leaves),350.0
Maharashtra,Cucumbar(Kheera),1200.0
Maharashtra,Drumstick,4000.0
Maharashtra,Green Chilli,3200.0
Maharashtra,Peas Wet,1600.0
Maharashtra,Spinach,300.0
Maharashtra,Sweet Potato,1500.0
Maharashtra,Tomato,550.0
Maharashtra,Beans,2000.0
Maharashtra,Beetroot,800.0
Maharashtra,Bengal Gram(Gram),4750.0
Maharashtra,Bhindi(Ladies Finger),1500.0
Maharashtra,Bitter Gourd,2500.0
Maharashtra,Black Gram (Urd Beans),5950.0
Maharashtra,Brinjal,1000.0
Maharashtra,Chikoos(Sapota),1500.0
Maharashtra,Chilly Capsicum,1500.0
Maharashtra,Corriander Seed,7600.0
Maharashtra,Cucumbar(Kheera),1000.0
Maharashtra,Drumstick,2500.0
Maharashtra,Garlic,2000.0
Maharashtra,Ginger(Dry),1800.0
Maharashtra,Grapes,5000.0
Maharashtra,Green Chilli,2500.0
Maharashtra,Green Gram (Moong),6000.0
Maharashtra,Guava,3000.0
Maharashtra,Karbuja(Musk Melon),1400.0
Maharashtra,Lentil(Masur),4550.0
Maharashtra,Lime,600.0
Maharashtra,Little Gourd (Kundru),2000.0
Maharashtra,Maize,1475.0
Maharashtra,Mint(Pudina),2.0
Maharashtra,Onion Green,6.0
Maharashtra,Orange,3000.0
Maharashtra,Peas Wet,2000.0
Maharashtra,Pine Apple,1000.0
Maharashtra,Pumpkin,1800.0
Maharashtra,Raddish,8.0
Maharashtra,Rajgir,4.0
Maharashtra,Ridgeguard(Tori),2500.0
Maharashtra,Seetapal,4000.0
Maharashtra,Snakeguard,1200.0
Maharashtra,Spinach,4.0
Maharashtra,Tender Coconut,1500.0
Maharashtra,Water Melon,1000.0
Maharashtra,Wheat,4100.0
Maharashtra,Beans,1900.0
Maharashtra,Bhindi(Ladies Finger),4100.0
Maharashtra,Bitter Gourd,3100.0
Maharashtra,Bottle Gourd,1300.0
Maharashtra,Cabbage,700.0
Maharashtra,Cauliflower,900.0
Maharashtra,Coriander(Leaves),600.0
Maharashtra,Cucumbar(Kheera),2000.0
Maharashtra,Guar,6000.0
Maharashtra,Leafy Vegetable,1800.0
Maharashtra,Lime,4000.0
Maharashtra,Methi(Leaves),600.0
Maharashtra,Mint(Pudina),1800.0
Maharashtra,Onion,2300.0
Maharashtra,Onion Green,600.0
Maharashtra,Peas Wet,2500.0
Maharashtra,Potato,2000.0
Maharashtra,Raddish,1200.0
Maharashtra,Rajgir,300.0
Maharashtra,Ridgeguard(Tori),4400.0
Maharashtra,Spinach,900.0
Maharashtra,Beans,1750.0
Maharashtra,Beetroot,750.0
Maharashtra,Bhindi(Ladies Finger),4000.0
Maharashtra,Bottle Gourd,1450.0
Maharashtra,Coriander(Leaves),8.0
Maharashtra,Onion Green,7.0
Maharashtra,Peas Wet,2200.0
Maharashtra,Raddish,7.0
Maharashtra,Ridgeguard(Tori),4000.0
Maharashtra,Spinach,7.0
Maharashtra,Tomato,650.0
Maharashtra,Paddy(Dhan),1600.0
Maharashtra,Rice,5000.0
Maharashtra,Paddy(Dhan),1590.0
Maharashtra,Rice,2800.0
Maharashtra,Rice,4000.0
Maharashtra,Beans,1200.0
Maharashtra,Bhindi(Ladies Finger),2400.0
Maharashtra,Bitter Gourd,4000.0
Maharashtra,Bottle Gourd,1100.0
Maharashtra,Brinjal,1700.0
Maharashtra,Cucumbar(Kheera),1900.0
Maharashtra,Guar,3300.0
Maharashtra,Rice,4080.0
Maharashtra,Bhindi(Ladies Finger),2800.0
Maharashtra,Cauliflower,2800.0
Maharashtra,Coriander(Leaves),7.0
Maharashtra,Green Chilli,3600.0
Maharashtra,Carrot,1350.0
Maharashtra,Cauliflower,500.0
Maharashtra,Chilly Capsicum,2800.0
Maharashtra,Drumstick,1800.0
Maharashtra,Green Chilli,3000.0
Maharashtra,Peas Wet,2400.0
Maharashtra,Ridgeguard(Tori),2300.0
Maharashtra,Tomato,600.0
Maharashtra,Bajra(Pearl Millet/Cumbu),1600.0
Maharashtra,Gur(Jaggery),3290.0
Maharashtra,Rice,4300.0
Maharashtra,Turmeric,11000.0
Maharashtra,Wheat,2350.0
Maharashtra,Jowar(Sorghum),2030.0
Maharashtra,Soyabean,3250.0
Maharashtra,Bhindi(Ladies Finger),3750.0
Maharashtra,Tomato,450.0
Maharashtra,Brinjal,2000.0
Maharashtra,Cabbage,475.0
Maharashtra,Cauliflower,600.0
Maharashtra,Ginger(Dry),3750.0
Maharashtra,Green Chilli,3700.0
Maharashtra,Bitter Gourd,2000.0
Maharashtra,Brinjal,650.0
Maharashtra,Carrot,700.0
Maharashtra,Coriander(Leaves),1.0
Maharashtra,Drumstick,1500.0
Maharashtra,Spinach,1.0
Maharashtra,Black Gram (Urd Beans),2100.0
Maharashtra,Jowar(Sorghum),1750.0
Maharashtra,Maize,1090.0
Maharashtra,Onion,1160.0
Maharashtra,Wheat,1615.0
Maharashtra,Bhindi(Ladies Finger),3100.0
Maharashtra,Bitter Gourd,3000.0
Maharashtra,Brinjal,1100.0
Maharashtra,Cucumbar(Kheera),1700.0
Maharashtra,Onion,1650.0
Maharashtra,Ridgeguard(Tori),1700.0
Maharashtra,Tomato,300.0
Maharashtra,Chilly Capsicum,1600.0
Maharashtra,Pomegranate,3600.0
Maharashtra,Apple,500.0
Maharashtra,Beans,900.0
Maharashtra,Brinjal,800.0
Maharashtra,Chili Red,10000.0
Maharashtra,Chilly Capsicum,1000.0
Maharashtra,Grapes,90.0
Maharashtra,Green Chilli,2000.0
Maharashtra,Guar,4500.0
Maharashtra,Guava,1600.0
Maharashtra,Gur(Jaggery),2631.0
Maharashtra,Lime,700.0
Maharashtra,Methi(Leaves),200.0
Maharashtra,Onion Green,450.0
Maharashtra,Pomegranate,7300.0
Maharashtra,Rice,3555.0
Maharashtra,Ridgeguard(Tori),3000.0
Maharashtra,Spinach,200.0
Maharashtra,Tomato,200.0
Maharashtra,Wheat,2305.0
Maharashtra,Rice,2750.0
Maharashtra,Rice,3225.0
Maharashtra,Bajra(Pearl Millet/Cumbu),1850.0
Maharashtra,Ground Nut Seed,7500.0
Maharashtra,Jowar(Sorghum),2500.0
Maharashtra,Wheat,2400.0
Maharashtra,Black Gram (Urd Beans),3500.0
Maharashtra,Green Gram (Moong),4400.0
Maharashtra,Wheat,1800.0
Maharashtra,Bengal Gram(Gram),3450.0
Maharashtra,Wheat,1525.0
Maharashtra,Arhar (Tur/Red Gram),4500.0
Maharashtra,Bengal Gram(Gram),3535.0
Maharashtra,Cotton,5090.0
Maharashtra,Soyabean,3515.0
Maharashtra,Cotton,4925.0
Maharashtra,Arhar (Tur/Red Gram),4401.0
Maharashtra,Bengal Gram(Gram),3725.0
Meghalaya,Bay Leaf (Tejpatta),2200.0
Meghalaya,Resinwood,2000.0
Meghalaya,Arecanut(Betelnut/Supari),14000.0
Meghalaya,Banana,3000.0
Meghalaya,Betal Leaves,15000.0
Meghalaya,Ginger(Dry),1350.0
Meghalaya,Orange,4000.0
Meghalaya,Pumpkin,1900.0
Meghalaya,Raddish,1600.0
Nct Of Delhi,Bhindi(Ladies Finger),3211.0
Nct Of Delhi,Bitter Gourd,4350.0
Nct Of Delhi,Bottle Gourd,850.0
Nct Of Delhi,Brinjal,867.0
Nct Of Delhi,Cabbage,323.0
Nct Of Delhi,Capsicum,1700.0
Nct Of Delhi,Carrot,675.0
Nct Of Delhi,Cauliflower,421.0
Nct Of Delhi,Coriander(Leaves),513.0
Nct Of Delhi,Cucumbar(Kheera),1063.0
Nct Of Delhi,Green Chilli,3400.0
Nct Of Delhi,Lemon,1219.0
Nct Of Delhi,Methi(Leaves),1000.0
Nct Of Delhi,Onion,1814.0
Nct Of Delhi,Peas Wet,1460.0
Nct Of Delhi,Potato,335.0
Nct Of Delhi,Pumpkin,1092.0
Nct Of Delhi,Raddish,275.0
Nct Of Delhi,Spinach,400.0
Nct Of Delhi,Tomato,867.0
Orissa,Cabbage,850.0
Orissa,Potato,820.0
Orissa,Tomato,1650.0
Orissa,Cabbage,750.0
Orissa,Potato,720.0
Orissa,Bhindi(Ladies Finger),1300.0
Orissa,Cauliflower,1200.0
Orissa,Onion,1600.0
Orissa,Potato,900.0
Orissa,Tomato,900.0
Orissa,Brinjal,900.0
Orissa,Cauliflower,1100.0
Orissa,Onion,2800.0
Orissa,Tomato,800.0
Orissa,Brinjal,1900.0
Orissa,Cabbage,2500.0
Orissa,Cauliflower,2200.0
Orissa,Tomato,1500.0
Orissa,Bhindi(Ladies Finger),3800.0
Orissa,Brinjal,2000.0
Orissa,Cauliflower,2100.0
Orissa,Tomato,1200.0
Orissa,Paddy(Dhan),1550.0
Orissa,Potato,470.0
Orissa,Tomato,1400.0
Orissa,Potato,480.0
Orissa,Brinjal,1400.0
Orissa,Cabbage,1400.0
Orissa,Capsicum,3800.0
Orissa,Carrot,1800.0
Orissa,Cauliflower,1400.0
Orissa,Cucumbar(Kheera),2800.0
Orissa,Garlic,3800.0
Orissa,Ginger(Dry),3800.0
Orissa,Green Chilli,5800.0
Orissa,Onion,3500.0
Orissa,Potato,800.0
Orissa,Pumpkin,1400.0
Orissa,Rice,2400.0
Orissa,Bhindi(Ladies Finger),4000.0
Orissa,Brinjal,3000.0
Orissa,Cauliflower,3000.0
Orissa,Little Gourd (Kundru),4000.0
Orissa,Tomato,2000.0
Orissa,Onion,3800.0
Orissa,Cabbage,2000.0
Orissa,Cauliflower,2000.0
Orissa,Potato,1000.0
Orissa,Bitter Gourd,3900.0
Orissa,Brinjal,2200.0
Orissa,Cabbage,1900.0
Orissa,Cauliflower,1700.0
Orissa,Pumpkin,1500.0
Orissa,Brinjal,1500.0
Orissa,Fish,15000.0
Orissa,Onion,4000.0
Orissa,Pumpkin,2000.0
Orissa,Rice,2500.0
Orissa,Bhindi(Ladies Finger),3000.0
Orissa,Bitter Gourd,3500.0
Orissa,Black Gram (Urd Beans),5400.0
Orissa,Brinjal,2500.0
Orissa,Cauliflower,1500.0
Orissa,Cucumbar(Kheera),2000.0
Orissa,French Beans (Frasbean),2000.0
Orissa,Garlic,4000.0
Orissa,Ginger(Dry),4000.0
Orissa,Green Chilli,1000.0
Orissa,Green Gram (Moong),5575.0
Orissa,Hen,13500.0
Orissa,Leafy Vegetable,1000.0
Orissa,Onion,3000.0
Orissa,Raddish,500.0
Orissa,Ridgeguard(Tori),3000.0
Orissa,Bitter Gourd,3000.0
Orissa,Tomato,1000.0
Orissa,Coconut,1400.0
Orissa,Cotton,4750.0
Orissa,Brinjal,2800.0
Orissa,Potato,700.0
Orissa,Onion,2500.0
Orissa,Rice,2100.0
Orissa,Brinjal,1800.0
Orissa,Tomato,1900.0
Orissa,Beans,6000.0
Orissa,Bhindi(Ladies Finger),5000.0
Orissa,Carrot,2500.0
Orissa,Cotton,4700.0
Orissa,Rice,3000.0
Orissa,Brinjal,1850.0
Orissa,Cauliflower,1800.0
Orissa,Cauliflower,1600.0
Orissa,Potato,600.0
Orissa,Brinjal,1600.0
Orissa,Onion,3650.0
Orissa,Pointed Gourd (Parval),5000.0
Orissa,Pumpkin,1450.0
Orissa,Brinjal,1650.0
Orissa,Onion,3600.0
Orissa,Potato,550.0
Orissa,Tomato,1550.0
Orissa,Cauliflower,1650.0
Orissa,Garlic,3450.0
Orissa,Ginger(Dry),2450.0
Orissa,Onion,3100.0
Orissa,Potato,505.0
Orissa,Tomato,1300.0
Orissa,Bitter Gourd,3100.0
Orissa,Brinjal,2700.0
Orissa,Onion,3250.0
Orissa,Potato,515.0
Orissa,Bitter Gourd,3300.0
Orissa,Potato,510.0
Orissa,Gur(Jaggery),2000.0
Orissa,Ginger(Green),1500.0
Orissa,Beans,1800.0
Orissa,Bitter Gourd,7500.0
Orissa,Cauliflower,1000.0
Orissa,Ginger(Green),3800.0
Orissa,Indian Beans (Seam),1800.0
Orissa,Onion,3200.0
Orissa,Rice,2600.0
Orissa,Goat,3600.0
Orissa,Apple,5800.0
Orissa,Apple,5500.0
Orissa,Bhindi(Ladies Finger),4500.0
Orissa,Egg,1040.0
Orissa,Fish,17000.0
Orissa,Bitter Gourd,5500.0
Orissa,Brinjal,1200.0
Orissa,Cabbage,1200.0
Orissa,Cucumbar(Kheera),1800.0
Orissa,Fish,13500.0
Orissa,Onion,2750.0
Orissa,Papaya (Raw),1000.0
Orissa,Potato,520.0
Orissa,Pumpkin,1100.0
Orissa,Rice,2800.0
Orissa,Rice,2900.0
Orissa,Gur(Jaggery),3800.0
Orissa,Onion,3400.0
Orissa,Cauliflower,1900.0
Orissa,Gur(Jaggery),3500.0
Orissa,Onion,3300.0
Orissa,Broken Rice,800.0
Orissa,Maize,1050.0
Orissa,Paddy(Dhan),1600.0
Orissa,Broken Rice,1050.0
Orissa,Maize,1311.0
Orissa,Cabbage,1500.0
Orissa,Garlic,6200.0
Orissa,Green Chilli,5100.0
Orissa,Betal Leaves,26000.0
Orissa,Fish,16000.0
Orissa,Green Chilli,10000.0
Orissa,Coconut,3100.0
Orissa,Potato,670.0
Orissa,Bhindi(Ladies Finger),1234.0
Orissa,Bitter Gourd,1124.0
Orissa,Brinjal,1145.0
Orissa,Cabbage,1114.0
Orissa,Capsicum,1125.0
Orissa,Carrot,1245.0
Orissa,Cauliflower,1132.0
Orissa,Bhindi(Ladies Finger),1134.0
Orissa,Bitter Gourd,1134.0
Orissa,Brinjal,1115.0
Orissa,Cabbage,1243.0
Orissa,Capsicum,1143.0
Orissa,Carrot,1254.0
Orissa,Cauliflower,1113.0
Orissa,Bhindi(Ladies Finger),1124.0
Orissa,Bitter Gourd,1223.0
Orissa,Brinjal,1124.0
Orissa,Cabbage,1132.0
Orissa,Capsicum,1114.0
Orissa,Cauliflower,1134.0
Orissa,Tomato,1124.0
Orissa,Cotton,4500.0
Orissa,Green Chilli,8000.0
Orissa,Banana - Green,4000.0
Orissa,Black Gram (Urd Beans),7000.0
Orissa,Capsicum,3000.0
Orissa,Carrot,2000.0
Orissa,Cucumbar(Kheera),4000.0
Orissa,Cauliflower,1300.0
Orissa,Cucumbar(Kheera),3600.0
Pondicherry,Copra,8000.0
Pondicherry,Paddy(Dhan),1416.0
Pondicherry,Paddy(Dhan),1600.0
Pondicherry,Paddy(Dhan),1545.0
Pondicherry,Paddy(Dhan),1500.0
Pondicherry,Paddy(Dhan),1667.0
Pondicherry,"Sesamum(Sesame,Gingelly,Til)",5500.0
Pondicherry,Paddy(Dhan),1369.0
Pondicherry,Paddy(Dhan),1507.0
Punjab,Carrot,800.0
Punjab,Cauliflower,800.0
Punjab,Field Pea,900.0
Punjab,Kinnow,900.0
Punjab,Onion,1800.0
Punjab,Potato,300.0
Punjab,Raddish,600.0
Punjab,Spinach,600.0
Punjab,Turnip,500.0
Punjab,Bhindi(Ladies Finger),800.0
Punjab,Cauliflower,900.0
Punjab,Brinjal,900.0
Punjab,Carrot,700.0
Punjab,Cauliflower,1450.0
Punjab,Onion,3000.0
Punjab,Potato,400.0
Punjab,Spinach,800.0
Punjab,Cauliflower,1200.0
Punjab,Onion,3200.0
Punjab,Potato,320.0
Punjab,Tomato,700.0
Punjab,Carrot,580.0
Punjab,Peas Wet,1790.0
Punjab,Carrot,600.0
Punjab,Cauliflower,600.0
Punjab,Raddish,300.0
Punjab,Tomato,600.0
Punjab,Cauliflower,950.0
Punjab,Green Chilli,4500.0
Punjab,Onion,2500.0
Punjab,Peas Wet,1450.0
Punjab,Potato,415.0
Punjab,Tomato,1200.0
Punjab,Apple,2000.0
Punjab,Apple,4500.0
Punjab,Cabbage,850.0
Punjab,Capsicum,3250.0
Punjab,Cauliflower,750.0
Punjab,Coriander(Leaves),1000.0
Punjab,Cucumbar(Kheera),2000.0
Punjab,Garlic,2500.0
Punjab,Ginger(Green),3000.0
Punjab,Grapes,5000.0
Punjab,Green Chilli,4000.0
Punjab,Kinnow,2250.0
Punjab,Lemon,2250.0
Punjab,Onion,2000.0
Punjab,Onion Green,2700.0
Punjab,Peas Wet,1800.0
Punjab,Pine Apple,2750.0
Punjab,Pomegranate,5000.0
Punjab,Potato,525.0
Punjab,Raddish,550.0
Punjab,Spinach,1000.0
Punjab,Sweet Potato,1350.0
Punjab,Tomato,950.0
Punjab,Turnip,900.0
Punjab,Cotton,5145.0
Punjab,Apple,6500.0
Punjab,Banana,3000.0
Punjab,Bhindi(Ladies Finger),5500.0
Punjab,Capsicum,3200.0
Punjab,Carrot,500.0
Punjab,Coriander(Leaves),800.0
Punjab,Cucumbar(Kheera),1700.0
Punjab,Garlic,2700.0
Punjab,Ginger(Green),4500.0
Punjab,Green Chilli,5400.0
Punjab,Papaya,2700.0
Punjab,Peas Wet,1500.0
Punjab,Pomegranate,5200.0
Punjab,Potato,250.0
Punjab,Spinach,1100.0
Punjab,Sweet Potato,1200.0
Punjab,Tomato,800.0
Punjab,Potato,500.0
Punjab,Tomato,1500.0
Punjab,Cabbage,600.0
Punjab,Capsicum,2700.0
Punjab,Carrot,400.0
Punjab,Cauliflower,1000.0
Punjab,Chikoos(Sapota),2600.0
Punjab,Coriander(Leaves),900.0
Punjab,Cucumbar(Kheera),1500.0
Punjab,Garlic,1200.0
Punjab,Ginger(Dry),2700.0
Punjab,Kinnow,1500.0
Punjab,Lemon,1800.0
Punjab,Methi(Leaves),900.0
Punjab,Onion,2100.0
Punjab,Peas Wet,1700.0
Punjab,Pomegranate,6000.0
Punjab,Raddish,400.0
Punjab,Spinach,900.0
Punjab,Tomato,1000.0
Punjab,Banana,1200.0
Punjab,Brinjal,700.0
Punjab,Carrot,550.0
Punjab,Cauliflower,700.0
Punjab,Garlic,1500.0
Punjab,Ginger(Green),3300.0
Punjab,Green Chilli,2000.0
Punjab,Onion,2300.0
Punjab,Peas Wet,1200.0
Punjab,Potato,225.0
Punjab,Raddish,225.0
Punjab,Carrot,650.0
Punjab,Kinnow,1800.0
Punjab,Papaya,1800.0
Punjab,Peas Wet,1600.0
Punjab,Raddish,325.0
Punjab,Apple,4700.0
Punjab,Grapes,4500.0
Punjab,Papaya,1250.0
Punjab,Apple,3750.0
Punjab,Banana,1650.0
Punjab,Cauliflower,650.0
Punjab,Cucumbar(Kheera),1750.0
Punjab,Ginger(Dry),4000.0
Punjab,Green Chilli,3300.0
Punjab,Kinnow,2050.0
Punjab,Onion,2750.0
Punjab,Pomegranate,7500.0
Punjab,Potato,150.0
Punjab,Spinach,550.0
Punjab,Cabbage,400.0
Punjab,Cauliflower,450.0
Punjab,Coriander(Leaves),150.0
Punjab,Peas Cod,650.0
Punjab,Spinach,125.0
Punjab,Tomato,750.0
Punjab,Peas Wet,1000.0
Punjab,Brinjal,1100.0
Punjab,Carrot,900.0
Punjab,Cauliflower,920.0
Punjab,Ginger(Green),3100.0
Punjab,Onion,3100.0
Punjab,Peas Wet,1100.0
Punjab,Potato,350.0
Punjab,Raddish,370.0
Punjab,Carrot,490.0
Punjab,Cauliflower,1400.0
Punjab,Green Chilli,2100.0
Punjab,Onion,2900.0
Punjab,Peas Wet,890.0
Punjab,Raddish,290.0
Punjab,Spinach,290.0
Punjab,Apple,5000.0
Punjab,Banana,2300.0
Punjab,Brinjal,1500.0
Punjab,Cabbage,1400.0
Punjab,Capsicum,2300.0
Punjab,Coriander(Leaves),450.0
Punjab,Garlic,3500.0
Punjab,Ginger(Green),3200.0
Punjab,Grapes,4000.0
Punjab,Green Chilli,5000.0
Punjab,Kinnow,2600.0
Punjab,Mousambi(Sweet Lime),2700.0
Punjab,Peas Cod,1500.0
Punjab,Raddish,850.0
Punjab,Cauliflower,550.0
Punjab,Green Chilli,1750.0
Punjab,Green Chilli,2500.0
Punjab,Brinjal,1800.0
Punjab,Cabbage,1000.0
Punjab,Capsicum,3000.0
Punjab,Cucumbar(Kheera),3000.0
Punjab,Green Chilli,3500.0
Punjab,Kinnow,2000.0
Punjab,Lemon,3000.0
Punjab,Mousambi(Sweet Lime),4000.0
Punjab,Papaya,2500.0
Punjab,Green Fodder,175.0
Punjab,Carrot,825.0
Punjab,Cauliflower,825.0
Punjab,Coriander(Leaves),850.0
Punjab,Peas Cod,1350.0
Punjab,Spinach,1200.0
Punjab,Turnip,750.0
Punjab,Bhindi(Ladies Finger),2500.0
Punjab,Brinjal,2500.0
Punjab,Cabbage,1800.0
Punjab,Capsicum,4000.0
Punjab,Garlic,4000.0
Punjab,Ginger(Dry),3000.0
Punjab,Lemon,3500.0
Punjab,Tomato,1800.0
Punjab,Banana,2100.0
Punjab,Cabbage,800.0
Punjab,Garlic,3000.0
Punjab,Kinnow,2200.0
Punjab,Papaya,1400.0
Punjab,Potato,240.0
Punjab,Tomato,1300.0
Punjab,Brinjal,1750.0
Punjab,Cauliflower,1550.0
Punjab,Peas Wet,2450.0
Punjab,Raddish,950.0
Punjab,Bhindi(Ladies Finger),2000.0
Punjab,Cucumbar(Kheera),1900.0
Punjab,Ginger(Green),1500.0
Punjab,Mashrooms,7000.0
Punjab,Onion Green,1500.0
Punjab,Raddish,450.0
Punjab,Raddish,350.0
Punjab,Methi(Leaves),800.0
Punjab,Raddish,500.0
Punjab,Brinjal,1300.0
Punjab,Capsicum,750.0
Punjab,Green Chilli,2400.0
Punjab,Leafy Vegetable,800.0
Punjab,Potato,340.0
Punjab,Carrot,1000.0
Punjab,Peas Wet,1300.0
Punjab,Apple,3900.0
Punjab,Brinjal,1900.0
Punjab,Cabbage,1200.0
Punjab,Carrot,850.0
Punjab,Grapes,4600.0
Punjab,Green Chilli,2300.0
Punjab,Onion,2800.0
Punjab,Orange,4900.0
Punjab,Peas Wet,1250.0
Punjab,Brinjal,500.0
Punjab,Brinjal,450.0
Punjab,Carrot,450.0
Punjab,Green Chilli,3800.0
Punjab,Peas Wet,1150.0
Punjab,Potato,335.0
Punjab,Tomato,900.0
Punjab,Banana,1300.0
Punjab,Brinjal,1000.0
Punjab,Garlic,2000.0
Punjab,Ginger(Green),1800.0
Punjab,Papaya,1000.0
Punjab,Potato,200.0
Punjab,Turnip,600.0
Punjab,Cabbage,700.0
Punjab,Green Chilli,5500.0
Punjab,Peas Wet,2000.0
Punjab,Spinach,500.0
Punjab,Tomato,1320.0
Punjab,Peas Cod,1300.0
Punjab,Cotton,5110.0
Punjab,Cotton,5080.0
Punjab,Capsicum,2800.0
Punjab,Green Chilli,4800.0
Punjab,Tomato,1100.0
Punjab,Carrot,1600.0
Punjab,Cauliflower,1100.0
Punjab,Methi(Leaves),1100.0
Punjab,Peas Cod,1600.0
Punjab,Green Chilli,2700.0
Punjab,Raddish,700.0
Punjab,Brinjal,1200.0
Punjab,Green Chilli,3000.0
Punjab,Indian Colza(Sarson),800.0
Punjab,Green Chilli,2800.0
Punjab,Onion,2400.0
Punjab,Tomato,1250.0
Punjab,Capsicum,2500.0
Punjab,Cauliflower,500.0
Punjab,Coriander(Leaves),600.0
Punjab,Peas Wet,1400.0
Punjab,Potato,125.0
Punjab,Tomato,500.0
Punjab,Capsicum,2000.0
Punjab,Coriander(Leaves),1300.0
Punjab,Cotton,5220.0
Punjab,Ginger(Green),2500.0
Punjab,Methi(Leaves),400.0
Punjab,Peas Cod,1400.0
Punjab,Squash(Chappal Kadoo),1600.0
Punjab,Cabbage,500.0
Punjab,Gram Raw(Chholia),1800.0
Punjab,Mashrooms,6000.0
Punjab,Onion,2200.0
Punjab,Potato,280.0
Punjab,Spinach,400.0
Punjab,Turnip,400.0
Punjab,Amla(Nelli Kai),1300.0
Punjab,Ashgourd,600.0
Punjab,Banana,2200.0
Punjab,Beetroot,1300.0
Punjab,Bhindi(Ladies Finger),3000.0
Punjab,Bitter Gourd,2000.0
Punjab,Cotton,5120.0
Punjab,Cucumbar(Kheera),1200.0
Punjab,Ginger(Green),3500.0
Punjab,Leafy Vegetable,1000.0
Punjab,Papaya,1200.0
Punjab,Pine Apple,1500.0
Punjab,Tomato,1400.0
Punjab,Apple,4024.0
Punjab,Bhindi(Ladies Finger),5179.0
Punjab,Capsicum,2885.0
Punjab,Cucumbar(Kheera),2590.0
Punjab,Ginger(Green),4000.0
Punjab,Grapes,4800.0
Punjab,Green Chilli,4200.0
Punjab,Kinnow,1700.0
Punjab,Lemon,2174.0
Punjab,Onion,2285.0
Punjab,Apple,4100.0
Punjab,Bhindi(Ladies Finger),3450.0
Punjab,Brinjal,2100.0
Punjab,Cabbage,750.0
Punjab,Capsicum,2550.0
Punjab,Cucumbar(Kheera),1600.0
Punjab,Garlic,3120.0
Punjab,Ginger(Green),3150.0
Punjab,Kinnow,1550.0
Punjab,Papaya,1300.0
Punjab,Pomegranate,5500.0
Punjab,Round Gourd,1250.0
Punjab,Apple,5100.0
Punjab,Bhindi(Ladies Finger),4800.0
Punjab,Capsicum,1600.0
Punjab,Cucumbar(Kheera),2500.0
Punjab,Grapes,5100.0
Punjab,Lemon,1600.0
Punjab,Orange,7400.0
Punjab,Apple,6010.0
Punjab,Banana,2710.0
Punjab,Capsicum,4010.0
Punjab,Carrot,510.0
Punjab,Cauliflower,1050.0
Punjab,Cucumbar(Kheera),2510.0
Punjab,Ginger(Green),3020.0
Punjab,Grapes,4810.0
Punjab,Green Chilli,5620.0
Punjab,Kinnow,4810.0
Punjab,Onion,2410.0
Punjab,Peas Wet,1650.0
Punjab,Raddish,510.0
Punjab,Tomato,1150.0
Punjab,Banana,2700.0
Punjab,Ginger(Green),2800.0
Punjab,Pine Apple,2600.0
Punjab,Chikoos(Sapota),2800.0
Punjab,Onion,2600.0
Punjab,Carrot,750.0
Punjab,Cucumbar(Kheera),1800.0
Punjab,Tomato,1600.0
Punjab,Bhindi(Ladies Finger),4000.0
Punjab,Capsicum,2400.0
Punjab,Chikoos(Sapota),3600.0
Punjab,Cucumbar(Kheera),2700.0
Punjab,Green Peas,1600.0
Punjab,Guava,3600.0
Punjab,Kinnow,1200.0
Punjab,Leafy Vegetable,400.0
Punjab,Lime,2200.0
Punjab,Methi(Leaves),600.0
Punjab,Mousambi(Sweet Lime),2900.0
Punjab,Pine Apple,2000.0
Punjab,Pumpkin,1100.0
Punjab,Squash(Chappal Kadoo),1500.0
Punjab,Turnip,300.0
Punjab,Grapes,3700.0
Punjab,Kinnow,1600.0
Punjab,Onion,1950.0
Punjab,Orange,3500.0
Punjab,Peas Wet,900.0
Punjab,Cauliflower,1800.0
Punjab,Peas Cod,2000.0
Punjab,Cabbage,950.0
Punjab,Chikoos(Sapota),3200.0
Punjab,Coriander(Leaves),350.0
Punjab,Ginger(Dry),2600.0
Punjab,Leafy Vegetable,300.0
Punjab,Bhindi(Ladies Finger),3500.0
Punjab,Green Chilli,3200.0
Punjab,Onion,1900.0
Rajasthan,Bajra(Pearl Millet/Cumbu),1225.0
Rajasthan,Guar,4125.0
Rajasthan,Mustard,3300.0
Rajasthan,Black Gram (Urd Beans),3800.0
Rajasthan,Guar Seed(Cluster Beans Seed),4000.0
Rajasthan,Wheat,1620.0
Rajasthan,Bengal Gram(Gram),3400.0
Rajasthan,Black Gram (Urd Beans),3051.0
Rajasthan,Mustard,3499.0
Rajasthan,"Sesamum(Sesame,Gingelly,Til)",6200.0
Rajasthan,Wheat,1550.0
Rajasthan,"Sesamum(Sesame,Gingelly,Til)",6750.0
Rajasthan,Bajra(Pearl Millet/Cumbu),1250.0
Rajasthan,Green Gram (Moong),4550.0
Rajasthan,Guar Seed(Cluster Beans Seed),4250.0
Rajasthan,Moath Dal,3175.0
Rajasthan,Mustard,3580.0
Rajasthan,Guar,4205.0
Rajasthan,Moath Dal,3105.0
Rajasthan,Mustard,3208.0
Rajasthan,Wheat,1596.0
Rajasthan,Ajwan,8000.0
Rajasthan,Ajwan,9348.0
Rajasthan,Black Gram (Urd Beans),3120.0
Rajasthan,Mustard,3420.0
Rajasthan,Wheat,1599.0
Rajasthan,Bajra(Pearl Millet/Cumbu),1155.0
Rajasthan,Bengal Gram(Gram),3471.0
Rajasthan,Guar,4127.0
Rajasthan,Mustard,3523.0
Rajasthan,"Sesamum(Sesame,Gingelly,Til)",7550.0
Rajasthan,Wheat,1624.0
Rajasthan,Bajra(Pearl Millet/Cumbu),1100.0
Rajasthan,Guar,4005.0
Rajasthan,Mustard,3589.0
Rajasthan,"Sesamum(Sesame,Gingelly,Til)",7850.0
Rajasthan,Wheat,1605.0
Rajasthan,Bengal Gram(Gram),3746.0
Rajasthan,Mustard,3586.0
Rajasthan,Guar,4200.0
Rajasthan,Mustard,3625.0
Rajasthan,Guar,4420.0
Rajasthan,Bengal Gram(Gram),3771.0
Rajasthan,Guar,4300.0
Rajasthan,Bengal Gram(Gram),3775.0
Rajasthan,Green Gram (Moong),4500.0
Rajasthan,Guar,4280.0
Rajasthan,Mustard,3701.0
Rajasthan,Wheat,1675.0
Rajasthan,Guar,4362.0
Rajasthan,Green Gram (Moong),4400.0
Rajasthan,Guar Seed(Cluster Beans Seed),4171.0
Rajasthan,Mustard,3650.0
Rajasthan,Guar,4225.0
Rajasthan,Guar Seed(Cluster Beans Seed),4300.0
Rajasthan,Jowar(Sorghum),2550.0
Rajasthan,Bengal Gram(Gram),3460.0
Rajasthan,Mustard,3280.0
Rajasthan,Wheat,1614.0
Rajasthan,Black Gram (Urd Beans),3099.0
Rajasthan,Mustard,3577.0
Rajasthan,Wheat,1581.0
Rajasthan,Bajra(Pearl Millet/Cumbu),1500.0
Rajasthan,Green Gram (Moong),4375.0
Rajasthan,Guar Seed(Cluster Beans Seed),4450.0
Rajasthan,Moath Dal,3100.0
Rajasthan,Mustard,3550.0
Rajasthan,Bengal Gram(Gram),3900.0
Rajasthan,Wheat,1585.0
Rajasthan,Bengal Gram(Gram),3500.0
Rajasthan,Black Gram (Urd Beans),3350.0
Rajasthan,Jowar(Sorghum),1435.0
Rajasthan,"Sesamum(Sesame,Gingelly,Til)",7500.0
Rajasthan,Wheat,1600.0
Rajasthan,Black Gram (Urd Beans),3050.0
Rajasthan,Wheat,1500.0
Rajasthan,Black Gram (Urd Beans),5400.0
Rajasthan,Green Gram (Moong),4600.0
Rajasthan,"Sesamum(Sesame,Gingelly,Til)",7400.0
Rajasthan,Bajra(Pearl Millet/Cumbu),1525.0
Rajasthan,Jowar(Sorghum),1400.0
Rajasthan,Bajra(Pearl Millet/Cumbu),1145.0
Rajasthan,Guar Seed(Cluster Beans Seed),4320.0
Rajasthan,Mustard,3485.0
Rajasthan,Guar,4100.0
Rajasthan,Bajra(Pearl Millet/Cumbu),1300.0
Rajasthan,Guar Seed(Cluster Beans Seed),4225.0
Rajasthan,Wheat,1700.0
Rajasthan,Bajra(Pearl Millet/Cumbu),1095.0
Rajasthan,Wheat,1584.0
Rajasthan,Bajra(Pearl Millet/Cumbu),1079.0
Rajasthan,Mustard,3537.0
Rajasthan,"Sesamum(Sesame,Gingelly,Til)",7900.0
Rajasthan,Wheat,1564.0
Rajasthan,Bajra(Pearl Millet/Cumbu),1110.0
Rajasthan,Black Gram (Urd Beans),3175.0
Rajasthan,Jowar(Sorghum),2295.0
Rajasthan,Mustard,3450.0
Rajasthan,Black Gram (Urd Beans),3557.0
Tamil Nadu,Maize,1217.0
Tamil Nadu,Coconut,3900.0
Tamil Nadu,Paddy(Dhan),1500.0
Tamil Nadu,Maize,1275.0
Tamil Nadu,Paddy(Dhan),1900.0
Tamil Nadu,Tobacco,3100.0
Tamil Nadu,Turmeric,6800.0
Tamil Nadu,Turmeric,7400.0
Tamil Nadu,Coconut,2500.0
Tamil Nadu,Copra,12000.0
Tamil Nadu,Coconut,2600.0
Tamil Nadu,Copra,11250.0
Tamil Nadu,Corriander Seed,4450.0
Tamil Nadu,Maize,1280.0
Tamil Nadu,Paddy(Dhan),1650.0
Tamil Nadu,Coconut,3250.0
Tamil Nadu,Coconut,1950.0
Tamil Nadu,Copra,11200.0
Tamil Nadu,Coconut,3200.0
Tamil Nadu,Copra,11900.0
Tamil Nadu,Coconut,4000.0
Tamil Nadu,Groundnut,4460.0
Tamil Nadu,Coconut,2000.0
Tamil Nadu,Coconut,3100.0
Tamil Nadu,Coconut,2100.0
Tamil Nadu,Maize,1425.0
Tamil Nadu,Paddy(Dhan),1681.0
Tamil Nadu,Coconut Seed,1710.0
Tamil Nadu,Paddy(Dhan),1740.0
Tamil Nadu,Tamarind Fruit,5000.0
Tamil Nadu,Coconut Seed,1850.0
Tamil Nadu,Coconut Seed,2200.0
Tamil Nadu,Cotton,5000.0
Tamil Nadu,Groundnut,4450.0
Tamil Nadu,Maize,1950.0
Tamil Nadu,Coconut,1500.0
Tamil Nadu,Coconut,1600.0
Tamil Nadu,Cotton,4950.0
Tamil Nadu,Copra,10500.0
Tamil Nadu,Paddy(Dhan),2100.0
Tamil Nadu,Cotton,4500.0
Tamil Nadu,Coconut,2250.0
Tamil Nadu,Groundnut,3250.0
Tamil Nadu,Copra,13685.0
Tamil Nadu,Turmeric,6100.0
Tamil Nadu,Turmeric,6600.0
Tamil Nadu,Turmeric,6871.0
Tamil Nadu,Turmeric,7434.0
Tamil Nadu,"Sesamum(Sesame,Gingelly,Til)",7290.0
Tamil Nadu,"Sesamum(Sesame,Gingelly,Til)",8450.0
Tamil Nadu,Copra,11205.0
Tamil Nadu,Paddy(Dhan),1600.0
Tamil Nadu,Paddy(Dhan),1620.0
Tamil Nadu,Paddy(Dhan),1280.0
Tamil Nadu,Paddy(Dhan),1350.0
Tamil Nadu,Ragi (Finger Millet),1900.0
Tamil Nadu,Coconut Seed,1600.0
Tamil Nadu,Coconut Seed,2100.0
Tamil Nadu,Cotton,5400.0
Tamil Nadu,Paddy(Dhan),1520.0
Tamil Nadu,Paddy(Dhan),1656.0
Tamil Nadu,Coconut,2900.0
Tamil Nadu,Paddy(Dhan),1780.0
Tamil Nadu,Paddy(Dhan),1795.0
Tamil Nadu,Cotton,3800.0
Tamil Nadu,Cotton,3100.0
Tamil Nadu,Paddy(Dhan),1800.0
Tamil Nadu,Copra,12500.0
Tamil Nadu,Maize,1315.0
Tamil Nadu,Turmeric,6500.0
Tamil Nadu,Turmeric,8100.0
Tamil Nadu,Copra,13209.0
Tamil Nadu,Copra,12400.0
Tamil Nadu,Turmeric,8566.0
Tamil Nadu,Turmeric,7474.0
Tamil Nadu,Coconut,13000.0
Tamil Nadu,Dry Chillies,6250.0
Tamil Nadu,Paddy(Dhan),1560.0
Tamil Nadu,Dry Chillies,10000.0
Tamil Nadu,Dry Chillies,16500.0
Tamil Nadu,Paddy(Dhan),1550.0
Tamil Nadu,Paddy(Dhan),1750.0
Tamil Nadu,Tapioca,980.0
Tamil Nadu,Cotton,5050.0
Tamil Nadu,Maize,1220.0
Tamil Nadu,Coconut,2410.0
Tamil Nadu,Turmeric,7700.0
Tamil Nadu,Turmeric,9150.0
Tamil Nadu,Maize,1320.0
Tamil Nadu,Ragi (Finger Millet),2025.0
Tamil Nadu,Coconut,2950.0
Tamil Nadu,Paddy(Dhan),1570.0
Tamil Nadu,Coconut,1250.0
Tamil Nadu,Maize,1460.0
Tamil Nadu,Banana,1300.0
Tamil Nadu,Banana,1400.0
Tamil Nadu,Coconut,1300.0
Tamil Nadu,Bajra(Pearl Millet/Cumbu),1460.0
Tamil Nadu,Cotton,4200.0
Tamil Nadu,Jowar(Sorghum),1700.0
Tamil Nadu,Maize,1440.0
Tamil Nadu,Chili Red,3800.0
Tamil Nadu,Cotton,3850.0
Tamil Nadu,Maize,1550.0
Tamil Nadu,Paddy(Dhan),1700.0
Tamil Nadu,Cotton,4300.0
Tamil Nadu,Paddy(Dhan),1595.0
Tamil Nadu,Groundnut,4965.0
Tamil Nadu,Paddy(Dhan),1376.0
Tamil Nadu,Black Gram (Urd Beans),5450.0
Tamil Nadu,Green Gram (Moong),5600.0
Tamil Nadu,Hybrid Cumbu,1500.0
Tamil Nadu,Maize,1450.0
Tamil Nadu,Chili Red,4850.0
Tamil Nadu,Chili Red,6000.0
Tamil Nadu,Cotton,4680.0
Tamil Nadu,Paddy(Dhan),1552.0
Tamil Nadu,Copra,11550.0
Tamil Nadu,Dry Chillies,2600.0
Tamil Nadu,Groundnut,5200.0
Tamil Nadu,Ragi (Finger Millet),2500.0
Tamil Nadu,Groundnut,5280.0
Tamil Nadu,Groundnut,5511.0
Tamil Nadu,Paddy(Dhan),1680.0
Tamil Nadu,Groundnut,4749.0
Tamil Nadu,Maize,1210.0
Tamil Nadu,Maize,1222.0
Tamil Nadu,Groundnut,5105.0
Tamil Nadu,Paddy(Dhan),1334.0
Tamil Nadu,Paddy(Dhan),1659.0
Tamil Nadu,Paddy(Dhan),1349.0
Tamil Nadu,Ragi (Finger Millet),2264.0
Tamil Nadu,Paddy(Dhan),1684.0
Tamil Nadu,Paddy(Dhan),1401.0
Tamil Nadu,Groundnut,5498.0
Tamil Nadu,Ragi (Finger Millet),2610.0
Tamil Nadu,Groundnut,4716.0
Tamil Nadu,Maize,1050.0
Tamil Nadu,Paddy(Dhan),1803.0
Tamil Nadu,Paddy(Dhan),1742.0
Tamil Nadu,Ragi (Finger Millet),2491.0
Tamil Nadu,Paddy(Dhan),1653.0
Tamil Nadu,Paddy(Dhan),1293.0
Tamil Nadu,Ragi (Finger Millet),2600.0
Tamil Nadu,Dry Chillies,6200.0
Telangana,Arhar (Tur/Red Gram),5450.0
Telangana,Cotton,4675.0
Telangana,Cotton,4850.0
Telangana,Paddy(Dhan),1550.0
Telangana,Arhar (Tur/Red Gram),4311.0
Telangana,Bengal Gram(Gram),3775.0
Telangana,Cotton,4700.0
Telangana,Cotton,4600.0
Telangana,Cotton,4750.0
Telangana,Cotton,4670.0
Telangana,Cotton,4650.0
Telangana,Cotton,4500.0
Telangana,Cotton,4450.0
Telangana,Beetroot,400.0
Telangana,Bhindi(Ladies Finger),1500.0
Telangana,Bitter Gourd,1600.0
Telangana,Bottle Gourd,1000.0
Telangana,Brinjal,1000.0
Telangana,Cabbage,800.0
Telangana,Carrot,800.0
Telangana,Cauliflower,800.0
Telangana,Chow Chow,500.0
Telangana,Cluster Beans,1400.0
Telangana,Cucumbar(Kheera),500.0
Telangana,Drumstick,3000.0
Telangana,Field Pea,1200.0
Telangana,French Beans (Frasbean),2000.0
Telangana,Green Chilli,2300.0
Telangana,Green Peas,1800.0
Telangana,Onion,1800.0
Telangana,Potato,800.0
Telangana,Pumpkin,400.0
Telangana,Raddish,300.0
Telangana,Ridgeguard(Tori),2500.0
Telangana,Snakeguard,800.0
Telangana,Sweet Potato,800.0
Telangana,Tomato,300.0
Telangana,Apple,2500.0
Telangana,Chikoos(Sapota),571.0
Telangana,Grapes,2286.0
Telangana,Grapes,2571.0
Telangana,Guava,1200.0
Telangana,Karbuja(Musk Melon),400.0
Telangana,Mousambi(Sweet Lime),850.0
Telangana,Orange,1666.0
Telangana,Papaya,800.0
Telangana,Pine Apple,800.0
Telangana,Pomegranate,3750.0
Telangana,Water Melon,300.0
Telangana,Banana - Green,2200.0
Telangana,Beetroot,500.0
Telangana,Bhindi(Ladies Finger),1000.0
Telangana,Bitter Gourd,1400.0
Telangana,Bottle Gourd,500.0
Telangana,Brinjal,300.0
Telangana,Cabbage,400.0
Telangana,Capsicum,1800.0
Telangana,Carrot,600.0
Telangana,Cauliflower,1000.0
Telangana,Drumstick,2500.0
Telangana,French Beans (Frasbean),1100.0
Telangana,Green Chilli,1500.0
Telangana,Green Peas,1200.0
Telangana,Onion,1500.0
Telangana,Ridgeguard(Tori),1800.0
Telangana,Sweet Potato,600.0
Telangana,Dry Chillies,9000.0
Telangana,Dry Chillies,5500.0
Telangana,Onion,2100.0
Telangana,Onion,1400.0
Telangana,Potato,1100.0
Telangana,Tamarind Fruit,9000.0
Telangana,Beetroot,650.0
Telangana,Bhindi(Ladies Finger),1250.0
Telangana,Bottle Gourd,550.0
Telangana,Brinjal,600.0
Telangana,Cabbage,600.0
Telangana,Capsicum,2000.0
Telangana,Carrot,900.0
Telangana,Cauliflower,700.0
Telangana,Cucumbar(Kheera),900.0
Telangana,Field Pea,1500.0
Telangana,French Beans (Frasbean),1450.0
Telangana,Green Chilli,1250.0
Telangana,Potato,700.0
Telangana,Ridgeguard(Tori),1500.0
Telangana,Tomato,350.0
Telangana,Arhar (Tur/Red Gram),4258.0
Telangana,Cotton,4301.0
Telangana,Maize,1259.0
Telangana,Paddy(Dhan),1758.0
Telangana,Paddy(Dhan),1607.0
Telangana,Paddy(Dhan),1385.0
Telangana,Paddy(Dhan),1590.0
Telangana,Maize,1425.0
Telangana,Arhar (Tur/Red Gram),3800.0
Telangana,Castor Seed,3125.0
Telangana,Cotton,3909.0
Telangana,Maize,1238.0
Telangana,Paddy(Dhan),1582.0
Telangana,Cotton,4320.0
Telangana,Cotton,4300.0
Telangana,Wood,375.0
Telangana,Wood,400.0
Telangana,Black Gram (Urd Beans),5210.0
Telangana,Maize,1410.0
Telangana,Paddy(Dhan),1470.0
Telangana,Paddy(Dhan),1500.0
Telangana,Arhar (Tur/Red Gram),4000.0
Telangana,Black Gram (Urd Beans),1200.0
Telangana,Dry Chillies,8900.0
Telangana,Dry Chillies,4200.0
Telangana,Green Gram (Moong),4650.0
Telangana,Groundnut,3400.0
Telangana,Potato,1200.0
Telangana,Tomato,400.0
Telangana,Cotton,4020.0
Telangana,Wood,3500.0
Telangana,Paddy(Dhan),1475.0
Telangana,Maize,1450.0
Telangana,Wood,450.0
Telangana,Paddy(Dhan),1560.0
Telangana,Cotton,5000.0
Telangana,Maize,1400.0
Telangana,Arhar (Tur/Red Gram),4405.0
Telangana,Groundnut,4737.0
Telangana,Groundnut,4250.0
Telangana,Groundnut,3313.0
Telangana,Arhar (Tur/Red Gram),4106.0
Telangana,Castor Seed,3909.0
Telangana,Groundnut,4099.0
Telangana,Paddy(Dhan),2076.0
Telangana,Groundnut,4450.0
Telangana,Beans,1400.0
Telangana,Bhindi(Ladies Finger),2250.0
Telangana,Bitter Gourd,3000.0
Telangana,Brinjal,650.0
Telangana,Green Chilli,2900.0
Telangana,Tomato,275.0
Telangana,Groundnut,3570.0
Telangana,Groundnut,3309.0
Telangana,Groundnut,4769.0
Telangana,Arhar (Tur/Red Gram),3956.0
Telangana,Bengal Gram(Gram),3945.0
Telangana,Groundnut Pods (Raw),3798.0
Telangana,Bhindi(Ladies Finger),1800.0
Telangana,Bitter Gourd,1200.0
Telangana,Brinjal,500.0
Telangana,Cabbage,500.0
Telangana,Capsicum,1200.0
Telangana,Carrot,1100.0
Telangana,Cluster Beans,1500.0
Telangana,Green Chilli,1400.0
Telangana,Groundnut,4376.0
Telangana,Groundnut,3812.0
Telangana,Cotton,3785.0
Telangana,Arhar (Tur/Red Gram),4375.0
Telangana,Cotton,3850.0
Telangana,Arhar (Tur/Red Gram),4201.0
Telangana,Bengal Gram(Gram),3900.0
Telangana,Maize,1270.0
Telangana,Onion,1452.0
Telangana,Arhar (Tur/Red Gram),4200.0
Telangana,Cowpea (Lobia/Karamani),4500.0
Telangana,Green Gram Dal (Moong Dal),4000.0
Telangana,Kulthi(Horse Gram),3600.0
Telangana,Maize,1220.0
Telangana,Paddy(Dhan),1561.0
Telangana,Sunflower,2981.0
Telangana,Paddy(Dhan),1510.0
Telangana,Arhar (Tur/Red Gram),4139.0
Telangana,Cowpea (Lobia/Karamani),4469.0
Telangana,Green Gram (Moong),2872.0
Telangana,Paddy(Dhan),1652.0
Telangana,Paddy(Dhan),1909.0
Telangana,Paddy(Dhan),1632.0
Telangana,Paddy(Dhan),1809.0
Telangana,Maize,1310.0
Telangana,Soyabean,3050.0
Telangana,Cotton,4880.0
Telangana,Tomato,500.0
Telangana,Arhar (Tur/Red Gram),4500.0
Telangana,Maize,1250.0
Telangana,Green Chilli,20.0
Telangana,Maize,1324.0
Telangana,Tomato,90.0
Telangana,Arhar (Tur/Red Gram),4385.0
Telangana,Bengal Gram(Gram),3925.0
Telangana,Groundnut,4502.0
Telangana,Arhar (Tur/Red Gram),4506.0
Telangana,Maize,1365.0
Telangana,Cotton,4499.0
Telangana,Groundnut,3711.0
Telangana,Paddy(Dhan),1859.0
Telangana,Maize,1196.0
Telangana,Cotton,4000.0
Telangana,Arhar (Tur/Red Gram),4309.0
Telangana,Castor Seed,3516.0
Telangana,Cowpea (Lobia/Karamani),4650.0
Telangana,Dry Chillies,8200.0
Telangana,Dry Chillies,10500.0
Telangana,Dry Chillies,3000.0
Telangana,Green Gram (Moong),4977.0
Telangana,Groundnut,4000.0
Telangana,Maize,1228.0
Telangana,Mustard,4269.0
Telangana,"Sesamum(Sesame,Gingelly,Til)",5012.0
Tripura,Brinjal,3250.0
Tripura,Cabbage,950.0
Tripura,Cauliflower,1600.0
Tripura,Cucumbar(Kheera),1750.0
Tripura,Ginger(Green),3500.0
Tripura,Green Chilli,5700.0
Tripura,Indian Beans (Seam),4500.0
Tripura,Masur Dal,9800.0
Tripura,Paddy(Dhan),1620.0
Tripura,Potato,1080.0
Tripura,Rice,2950.0
Tripura,Tomato,1800.0
Tripura,Arhar Dal(Tur Dal),8500.0
Tripura,Banana,1600.0
Tripura,Bengal Gram(Gram),8200.0
Tripura,Bitter Gourd,4200.0
Tripura,Black Gram (Urd Beans),7200.0
Tripura,Brinjal,3500.0
Tripura,Bull,21500.0
Tripura,Cabbage,750.0
Tripura,Carrot,1600.0
Tripura,Cauliflower,1300.0
Tripura,Cow,16500.0
Tripura,Cucumbar(Kheera),1100.0
Tripura,Field Pea,4200.0
Tripura,Fish,26000.0
Tripura,Fish,17000.0
Tripura,Garlic,4200.0
Tripura,Ginger(Green),3100.0
Tripura,Goat,2900.0
Tripura,Green Chilli,5200.0
Tripura,Indian Beans (Seam),4200.0
Tripura,Knool Khol,1100.0
Tripura,Masur Dal,7500.0
Tripura,Onion,4100.0
Tripura,Paddy(Dhan),1680.0
Tripura,Pigs,4000.0
Tripura,Potato,900.0
Tripura,Potato,1450.0
Tripura,Raddish,800.0
Tripura,Rice,2920.0
Tripura,Sweet Pumpkin,1600.0
Tripura,Brinjal,2750.0
Tripura,Cauliflower,1900.0
Tripura,Cow,12000.0
Tripura,Goat,1350.0
Tripura,Green Chilli,9000.0
Tripura,Hen,375.0
Tripura,Masur Dal,9000.0
Tripura,Pigs,2700.0
Tripura,Potato,1350.0
Tripura,Rice,2600.0
Tripura,Tomato,2750.0
Tripura,Brinjal,2500.0
Tripura,Bull,50000.0
Tripura,Cow,35000.0
Tripura,Fish,22000.0
Tripura,Fish,21500.0
Tripura,Goat,1950.0
Tripura,Hen,500.0
Tripura,Banana,1200.0
Tripura,Bitter Gourd,8500.0
Tripura,Brinjal,2800.0
Tripura,Cabbage,1800.0
Tripura,Cauliflower,2200.0
Tripura,Cowpea(Veg),3200.0
Tripura,Fish,13000.0
Tripura,Green Chilli,4800.0
Tripura,Indian Beans (Seam),2200.0
Tripura,Paddy(Dhan),1625.0
Tripura,Potato,1200.0
Tripura,Rice,2900.0
Uttar Pradesh,Bajra(Pearl Millet/Cumbu),1120.0
Uttar Pradesh,Banana,1540.0
Uttar Pradesh,Barley (Jau),1430.0
Uttar Pradesh,Bottle Gourd,800.0
Uttar Pradesh,Brinjal,720.0
Uttar Pradesh,Cabbage,590.0
Uttar Pradesh,Carrot,680.0
Uttar Pradesh,Cauliflower,590.0
Uttar Pradesh,Field Pea,1440.0
Uttar Pradesh,Ginger(Green),2480.0
Uttar Pradesh,Green Chilli,1730.0
Uttar Pradesh,Gur(Jaggery),2760.0
Uttar Pradesh,Lime,2450.0
Uttar Pradesh,Mustard,3670.0
Uttar Pradesh,Onion,3020.0
Uttar Pradesh,Paddy(Dhan),3120.0
Uttar Pradesh,Paddy(Dhan),2580.0
Uttar Pradesh,Potato,430.0
Uttar Pradesh,Pumpkin,840.0
Uttar Pradesh,Raddish,410.0
Uttar Pradesh,Rice,2540.0
Uttar Pradesh,Spinach,390.0
Uttar Pradesh,Tomato,760.0
Uttar Pradesh,Wheat,1610.0
Uttar Pradesh,Apple,5300.0
Uttar Pradesh,Arhar (Tur/Red Gram),3700.0
Uttar Pradesh,Arhar Dal(Tur Dal),6000.0
Uttar Pradesh,Bajra(Pearl Millet/Cumbu),1090.0
Uttar Pradesh,Banana,1690.0
Uttar Pradesh,Barley (Jau),1570.0
Uttar Pradesh,Bengal Gram Dal (Chana Dal),5650.0
Uttar Pradesh,Bengal Gram(Gram),5000.0
Uttar Pradesh,Black Gram (Urd Beans),4560.0
Uttar Pradesh,Black Gram Dal (Urd Dal),6050.0
Uttar Pradesh,Bottle Gourd,1180.0
Uttar Pradesh,Brinjal,1040.0
Uttar Pradesh,Cabbage,600.0
Uttar Pradesh,Capsicum,2200.0
Uttar Pradesh,Carrot,620.0
Uttar Pradesh,Cauliflower,680.0
Uttar Pradesh,Cucumbar(Kheera),1250.0
Uttar Pradesh,Garlic,1750.0
Uttar Pradesh,Ginger(Green),2450.0
Uttar Pradesh,Green Chilli,2250.0
Uttar Pradesh,Green Gram (Moong),5320.0
Uttar Pradesh,Green Gram Dal (Moong Dal),6100.0
Uttar Pradesh,Groundnut,4880.0
Uttar Pradesh,Guava,2050.0
Uttar Pradesh,Gur(Jaggery),2860.0
Uttar Pradesh,Lemon,2050.0
Uttar Pradesh,Lentil(Masur),4850.0
Uttar Pradesh,Maize,1280.0
Uttar Pradesh,Masur Dal,5850.0
Uttar Pradesh,Mousambi(Sweet Lime),2280.0
Uttar Pradesh,Mustard,3300.0
Uttar Pradesh,Onion,2300.0
Uttar Pradesh,Papaya,1400.0
Uttar Pradesh,Pomegranate,4880.0
Uttar Pradesh,Potato,400.0
Uttar Pradesh,Pumpkin,1050.0
Uttar Pradesh,Raddish,370.0
Uttar Pradesh,Rice,2580.0
Uttar Pradesh,Sweet Potato,1280.0
Uttar Pradesh,Tomato,700.0
Uttar Pradesh,Wheat,1635.0
Uttar Pradesh,Bajra(Pearl Millet/Cumbu),1080.0
Uttar Pradesh,Banana,2050.0
Uttar Pradesh,Barley (Jau),1540.0
Uttar Pradesh,Bottle Gourd,1080.0
Uttar Pradesh,Brinjal,880.0
Uttar Pradesh,Cabbage,640.0
Uttar Pradesh,Green Chilli,1900.0
Uttar Pradesh,Mustard,3440.0
Uttar Pradesh,Onion,2460.0
Uttar Pradesh,Peas Wet,1020.0
Uttar Pradesh,Pumpkin,1060.0
Uttar Pradesh,Raddish,380.0
Uttar Pradesh,Tomato,740.0
Uttar Pradesh,Wheat,1640.0
Uttar Pradesh,Apple,6440.0
Uttar Pradesh,Banana,1520.0
Uttar Pradesh,Barley (Jau),1420.0
Uttar Pradesh,Bhindi(Ladies Finger),2320.0
Uttar Pradesh,Cauliflower,580.0
Uttar Pradesh,Green Chilli,1620.0
Uttar Pradesh,Gur(Jaggery),2750.0
Uttar Pradesh,Lemon,2420.0
Uttar Pradesh,Mustard,3700.0
Uttar Pradesh,Onion,3000.0
Uttar Pradesh,Potato,410.0
Uttar Pradesh,Pumpkin,860.0
Uttar Pradesh,Raddish,390.0
Uttar Pradesh,Rice,2490.0
Uttar Pradesh,Wheat,1620.0
Uttar Pradesh,Barley (Jau),1500.0
Uttar Pradesh,Bottle Gourd,1400.0
Uttar Pradesh,Brinjal,600.0
Uttar Pradesh,Capsicum,1250.0
Uttar Pradesh,Carrot,600.0
Uttar Pradesh,Cauliflower,600.0
Uttar Pradesh,Ginger(Green),2200.0
Uttar Pradesh,Green Chilli,1600.0
Uttar Pradesh,Mustard,3450.0
Uttar Pradesh,Papaya,800.0
Uttar Pradesh,Pumpkin,600.0
Uttar Pradesh,Raddish,400.0
Uttar Pradesh,Tomato,500.0
Uttar Pradesh,Apple,6520.0
Uttar Pradesh,Banana,1530.0
Uttar Pradesh,Barley (Jau),1440.0
Uttar Pradesh,Bhindi(Ladies Finger),2340.0
Uttar Pradesh,Bottle Gourd,790.0
Uttar Pradesh,Brinjal,770.0
Uttar Pradesh,Carrot,720.0
Uttar Pradesh,Cucumbar(Kheera),2220.0
Uttar Pradesh,Green Chilli,1700.0
Uttar Pradesh,Guava,1520.0
Uttar Pradesh,Lemon,2500.0
Uttar Pradesh,Mousambi(Sweet Lime),2990.0
Uttar Pradesh,Onion,2990.0
Uttar Pradesh,Papaya,1600.0
Uttar Pradesh,Rice,2500.0
Uttar Pradesh,Apple,5250.0
Uttar Pradesh,Arhar (Tur/Red Gram),3500.0
Uttar Pradesh,Arhar Dal(Tur Dal),6100.0
Uttar Pradesh,Bajra(Pearl Millet/Cumbu),1060.0
Uttar Pradesh,Barley (Jau),1550.0
Uttar Pradesh,Bengal Gram Dal (Chana Dal),5800.0
Uttar Pradesh,Bengal Gram(Gram),5500.0
Uttar Pradesh,Black Gram Dal (Urd Dal),6000.0
Uttar Pradesh,Bottle Gourd,1100.0
Uttar Pradesh,Brinjal,980.0
Uttar Pradesh,Cabbage,500.0
Uttar Pradesh,Capsicum,2400.0
Uttar Pradesh,Garlic,1650.0
Uttar Pradesh,Ginger(Green),2550.0
Uttar Pradesh,Green Chilli,2500.0
Uttar Pradesh,Green Gram (Moong),5200.0
Uttar Pradesh,Guava,1950.0
Uttar Pradesh,Gur(Jaggery),2800.0
Uttar Pradesh,Lemon,1950.0
Uttar Pradesh,Lentil(Masur),4750.0
Uttar Pradesh,Maize,3300.0
Uttar Pradesh,Masur Dal,8700.0
Uttar Pradesh,Mousambi(Sweet Lime),2150.0
Uttar Pradesh,Mustard Oil,8700.0
Uttar Pradesh,Onion,2200.0
Uttar Pradesh,Paddy(Dhan),3450.0
Uttar Pradesh,Paddy(Dhan),3250.0
Uttar Pradesh,Paddy(Dhan),2900.0
Uttar Pradesh,Pomegranate,5000.0
Uttar Pradesh,Potato,450.0
Uttar Pradesh,Pumpkin,950.0
Uttar Pradesh,Raddish,250.0
Uttar Pradesh,Rice,2520.0
Uttar Pradesh,Spinach,350.0
Uttar Pradesh,Sugar,3680.0
Uttar Pradesh,Tomato,670.0
Uttar Pradesh,White Peas,3150.0
Uttar Pradesh,Carrot,590.0
Uttar Pradesh,Green Peas,1180.0
Uttar Pradesh,Maize,1180.0
Uttar Pradesh,Mustard,3050.0
Uttar Pradesh,Onion,1780.0
Uttar Pradesh,Potato,390.0
Uttar Pradesh,Apple,5700.0
Uttar Pradesh,Banana,1750.0
Uttar Pradesh,Bengal Gram Dal (Chana Dal),6100.0
Uttar Pradesh,Bengal Gram(Gram),5725.0
Uttar Pradesh,Black Gram Dal (Urd Dal),6125.0
Uttar Pradesh,Brinjal,725.0
Uttar Pradesh,Carrot,520.0
Uttar Pradesh,Cauliflower,575.0
Uttar Pradesh,Ginger(Green),2800.0
Uttar Pradesh,Green Chilli,2000.0
Uttar Pradesh,Green Gram Dal (Moong Dal),6175.0
Uttar Pradesh,Gur(Jaggery),2725.0
Uttar Pradesh,Maize,1260.0
Uttar Pradesh,Masur Dal,6025.0
Uttar Pradesh,Mustard,3380.0
Uttar Pradesh,Onion,2350.0
Uttar Pradesh,Papaya,1675.0
Uttar Pradesh,Potato,425.0
Uttar Pradesh,Pumpkin,650.0
Uttar Pradesh,Raddish,450.0
Uttar Pradesh,Tomato,825.0
Uttar Pradesh,Apple,5950.0
Uttar Pradesh,Bottle Gourd,1150.0
Uttar Pradesh,Brinjal,750.0
Uttar Pradesh,Carrot,550.0
Uttar Pradesh,Cauliflower,550.0
Uttar Pradesh,Garlic,2000.0
Uttar Pradesh,Ginger(Green),2850.0
Uttar Pradesh,Green Chilli,2400.0
Uttar Pradesh,Gur(Jaggery),2700.0
Uttar Pradesh,Mustard,3370.0
Uttar Pradesh,Onion,2650.0
Uttar Pradesh,Paddy(Dhan),3200.0
Uttar Pradesh,Paddy(Dhan),2550.0
Uttar Pradesh,Peas(Dry),2900.0
Uttar Pradesh,Pomegranate,4700.0
Uttar Pradesh,Potato,380.0
Uttar Pradesh,Pumpkin,1100.0
Uttar Pradesh,Tomato,650.0
Uttar Pradesh,Wheat,1615.0
Uttar Pradesh,Apple,5120.0
Uttar Pradesh,Barley (Jau),1490.0
Uttar Pradesh,Bengal Gram(Gram),4500.0
Uttar Pradesh,Brinjal,1050.0
Uttar Pradesh,Cabbage,760.0
Uttar Pradesh,Cauliflower,820.0
Uttar Pradesh,Garlic,3100.0
Uttar Pradesh,Ginger(Green),2720.0
Uttar Pradesh,Green Chilli,2550.0
Uttar Pradesh,Gur(Jaggery),3150.0
Uttar Pradesh,Maize,1190.0
Uttar Pradesh,Mustard,3500.0
Uttar Pradesh,Mustard Oil,9100.0
Uttar Pradesh,Paddy(Dhan),1550.0
Uttar Pradesh,Pomegranate,4520.0
Uttar Pradesh,Potato,490.0
Uttar Pradesh,Rice,2565.0
Uttar Pradesh,Tomato,1060.0
Uttar Pradesh,Wheat,1650.0
Uttar Pradesh,Arhar (Tur/Red Gram),4400.0
Uttar Pradesh,Bengal Gram(Gram),4550.0
Uttar Pradesh,Mustard,3400.0
Uttar Pradesh,Mustard Oil,9250.0
Uttar Pradesh,Onion,2700.0
Uttar Pradesh,Potato,560.0
Uttar Pradesh,Rice,2400.0
Uttar Pradesh,Tomato,1200.0
Uttar Pradesh,Wheat,1625.0
Uttar Pradesh,Apple,5650.0
Uttar Pradesh,Banana - Green,990.0
Uttar Pradesh,Gur(Jaggery),3375.0
Uttar Pradesh,Kulthi(Horse Gram),5000.0
Uttar Pradesh,Mousambi(Sweet Lime),2700.0
Uttar Pradesh,Mustard,3725.0
Uttar Pradesh,Potato,525.0
Uttar Pradesh,Rice,2175.0
Uttar Pradesh,Tomato,875.0
Uttar Pradesh,Wheat,1540.0
Uttar Pradesh,Paddy(Dhan),1500.0
Uttar Pradesh,Wheat,2000.0
Uttar Pradesh,Arhar Dal(Tur Dal),5000.0
Uttar Pradesh,Bajra(Pearl Millet/Cumbu),1030.0
Uttar Pradesh,Banana,1650.0
Uttar Pradesh,Banana - Green,750.0
Uttar Pradesh,Barley (Jau),1250.0
Uttar Pradesh,Bengal Gram(Gram),5400.0
Uttar Pradesh,Black Gram (Urd Beans),3500.0
Uttar Pradesh,Black Gram Dal (Urd Dal),5030.0
Uttar Pradesh,Brinjal,550.0
Uttar Pradesh,Cauliflower,500.0
Uttar Pradesh,Garlic,2600.0
Uttar Pradesh,Green Chilli,1780.0
Uttar Pradesh,Green Gram (Moong),3500.0
Uttar Pradesh,Lentil(Masur),3240.0
Uttar Pradesh,Maize,1150.0
Uttar Pradesh,Mustard,3250.0
Uttar Pradesh,Mustard Oil,8400.0
Uttar Pradesh,Onion,2000.0
Uttar Pradesh,Rice,2480.0
Uttar Pradesh,Tomato,480.0
Uttar Pradesh,Wheat,1550.0
Uttar Pradesh,White Peas,2260.0
Uttar Pradesh,Bajra(Pearl Millet/Cumbu),1010.0
Uttar Pradesh,Bottle Gourd,950.0
Uttar Pradesh,Cabbage,525.0
Uttar Pradesh,Raddish,425.0
Uttar Pradesh,Tomato,550.0
Uttar Pradesh,Apple,5680.0
Uttar Pradesh,Banana - Green,1480.0
Uttar Pradesh,Barley (Jau),1645.0
Uttar Pradesh,Bengal Gram(Gram),5150.0
Uttar Pradesh,Bottle Gourd,1590.0
Uttar Pradesh,Brinjal,1520.0
Uttar Pradesh,Cabbage,1150.0
Uttar Pradesh,Carrot,990.0
Uttar Pradesh,Cauliflower,1100.0
Uttar Pradesh,Garlic,2500.0
Uttar Pradesh,Ginger(Green),2525.0
Uttar Pradesh,Green Chilli,2660.0
Uttar Pradesh,Gur(Jaggery),3235.0
Uttar Pradesh,Lentil(Masur),4260.0
Uttar Pradesh,Mustard,3730.0
Uttar Pradesh,Tomato,820.0
Uttar Pradesh,Wheat,1630.0
Uttar Pradesh,White Peas,2900.0
Uttar Pradesh,Wheat,1660.0
Uttar Pradesh,Apple,6000.0
Uttar Pradesh,Arhar (Tur/Red Gram),4225.0
Uttar Pradesh,Bajra(Pearl Millet/Cumbu),1075.0
Uttar Pradesh,Banana,1250.0
Uttar Pradesh,Banana - Green,700.0
Uttar Pradesh,Bengal Gram(Gram),4880.0
Uttar Pradesh,Black Gram (Urd Beans),3550.0
Uttar Pradesh,Brinjal,500.0
Uttar Pradesh,Carrot,700.0
Uttar Pradesh,Field Pea,1000.0
Uttar Pradesh,Ginger(Green),2360.0
Uttar Pradesh,Green Chilli,1960.0
Uttar Pradesh,Green Gram (Moong),4250.0
Uttar Pradesh,Guava,1160.0
Uttar Pradesh,Gur(Jaggery),2650.0
Uttar Pradesh,Lentil(Masur),4100.0
Uttar Pradesh,Maize,1220.0
Uttar Pradesh,Mustard,3550.0
Uttar Pradesh,Onion,1500.0
Uttar Pradesh,Papaya,1450.0
Uttar Pradesh,Potato,280.0
Uttar Pradesh,Pumpkin,900.0
Uttar Pradesh,Wheat,1600.0
Uttar Pradesh,White Peas,2950.0
Uttar Pradesh,Paddy(Dhan),1770.0
Uttar Pradesh,Potato,395.0
Uttar Pradesh,Bengal Gram(Gram),5600.0
Uttar Pradesh,Onion,2630.0
Uttar Pradesh,Paddy(Dhan),2050.0
Uttar Pradesh,Rice,2300.0
Uttar Pradesh,Wheat,1680.0
Uttar Pradesh,Potato,350.0
Uttar Pradesh,Apple,3300.0
Uttar Pradesh,Banana - Green,1000.0
Uttar Pradesh,Bengal Gram(Gram),4700.0
Uttar Pradesh,Bottle Gourd,600.0
Uttar Pradesh,Carrot,440.0
Uttar Pradesh,Chikoos(Sapota),2200.0
Uttar Pradesh,Cucumbar(Kheera),1200.0
Uttar Pradesh,Ginger(Green),2600.0
Uttar Pradesh,Green Chilli,1800.0
Uttar Pradesh,Guava,1350.0
Uttar Pradesh,Gur(Jaggery),2500.0
Uttar Pradesh,Papaya,1020.0
Uttar Pradesh,Pomegranate,3150.0
Uttar Pradesh,Pumpkin,400.0
Uttar Pradesh,Raddish,330.0
Uttar Pradesh,Sweet Potato,720.0
Uttar Pradesh,Tomato,1000.0
Uttar Pradesh,Cauliflower,800.0
Uttar Pradesh,Green Chilli,3600.0
Uttar Pradesh,Potato,500.0
Uttar Pradesh,Raddish,600.0
Uttar Pradesh,Gur(Jaggery),3000.0
Uttar Pradesh,Mustard,3650.0
Uttar Pradesh,Onion,2750.0
Uttar Pradesh,Paddy(Dhan),1560.0
Uttar Pradesh,Pomegranate,4150.0
Uttar Pradesh,Potato,540.0
Uttar Pradesh,Rice,2200.0
Uttar Pradesh,Tomato,1100.0
Uttar Pradesh,Wheat,1570.0
Uttar Pradesh,Gur(Jaggery),2400.0
Uttar Pradesh,Maize,1050.0
Uttar Pradesh,Paddy(Dhan),1400.0
Uttar Pradesh,Tomato,450.0
Uttar Pradesh,Apple,4900.0
Uttar Pradesh,Maize,1360.0
Uttar Pradesh,Mustard,3660.0
Uttar Pradesh,Onion,2825.0
Uttar Pradesh,Potato,515.0
Uttar Pradesh,Rice,2135.0
Uttar Pradesh,Tomato,880.0
Uttar Pradesh,Wheat,1585.0
Uttar Pradesh,Paddy(Dhan),1475.0
Uttar Pradesh,Rice,2100.0
Uttar Pradesh,Paddy(Dhan),1350.0
Uttar Pradesh,Potato,550.0
Uttar Pradesh,Apple,5600.0
Uttar Pradesh,Banana,1100.0
Uttar Pradesh,Barley (Jau),1600.0
Uttar Pradesh,Bengal Gram Dal (Chana Dal),5700.0
Uttar Pradesh,Bottle Gourd,1125.0
Uttar Pradesh,Brinjal,825.0
Uttar Pradesh,Cabbage,925.0
Uttar Pradesh,Carrot,925.0
Uttar Pradesh,Cauliflower,740.0
Uttar Pradesh,Cucumbar(Kheera),1475.0
Uttar Pradesh,Garlic,2950.0
Uttar Pradesh,Ginger(Green),3000.0
Uttar Pradesh,Grapes,4450.0
Uttar Pradesh,Green Peas,1520.0
Uttar Pradesh,Gur(Jaggery),3425.0
Uttar Pradesh,Lemon,2300.0
Uttar Pradesh,Lentil(Masur),4000.0
Uttar Pradesh,Maize,1425.0
Uttar Pradesh,Masur Dal,4800.0
Uttar Pradesh,Mousambi(Sweet Lime),2400.0
Uttar Pradesh,Onion,2625.0
Uttar Pradesh,Orange,2625.0
Uttar Pradesh,Papaya,2050.0
Uttar Pradesh,Potato,575.0
Uttar Pradesh,Pumpkin,1000.0
Uttar Pradesh,Raddish,375.0
Uttar Pradesh,Rice,2150.0
Uttar Pradesh,Gur(Jaggery),4100.0
Uttar Pradesh,Onion,2600.0
Uttar Pradesh,Banana,1150.0
Uttar Pradesh,Onion,1950.0
Uttar Pradesh,Black Gram (Urd Beans),5500.0
Uttar Pradesh,Black Gram Dal (Urd Dal),6700.0
Uttar Pradesh,Bottle Gourd,700.0
Uttar Pradesh,Brinjal,950.0
Uttar Pradesh,Green Chilli,1150.0
Uttar Pradesh,Gur(Jaggery),3350.0
Uttar Pradesh,Onion,3100.0
Uttar Pradesh,Raddish,325.0
Uttar Pradesh,Rice,1900.0
Uttar Pradesh,Wheat,1535.0
Uttar Pradesh,White Peas,2600.0
Uttar Pradesh,Wheat,1525.0
Uttar Pradesh,Wheat,1460.0
Uttar Pradesh,Apple,6150.0
Uttar Pradesh,Bottle Gourd,1000.0
Uttar Pradesh,Brinjal,850.0
Uttar Pradesh,Onion,2050.0
Uttar Pradesh,Rice,1980.0
Uttar Pradesh,Tomato,575.0
Uttar Pradesh,Apple,6100.0
Uttar Pradesh,Banana,1820.0
Uttar Pradesh,Bengal Gram(Gram),3565.0
Uttar Pradesh,Bottle Gourd,1050.0
Uttar Pradesh,Brinjal,925.0
Uttar Pradesh,Linseed,4200.0
Uttar Pradesh,Onion,2100.0
Uttar Pradesh,Peas(Dry),2575.0
Uttar Pradesh,Rice,2000.0
Uttar Pradesh,Apple,5590.0
Uttar Pradesh,Banana,2320.0
Uttar Pradesh,Bottle Gourd,1250.0
Uttar Pradesh,Brinjal,1120.0
Uttar Pradesh,Cabbage,610.0
Uttar Pradesh,Carrot,1040.0
Uttar Pradesh,Cauliflower,660.0
Uttar Pradesh,Garlic,3090.0
Uttar Pradesh,Ginger(Green),2920.0
Uttar Pradesh,Gur(Jaggery),3020.0
Uttar Pradesh,Mousambi(Sweet Lime),2290.0
Uttar Pradesh,Onion,2550.0
Uttar Pradesh,Papaya,2350.0
Uttar Pradesh,Potato,480.0
Uttar Pradesh,Pumpkin,1570.0
Uttar Pradesh,Raddish,690.0
Uttar Pradesh,Tomato,1080.0
Uttar Pradesh,Cabbage,800.0
Uttar Pradesh,Carrot,725.0
Uttar Pradesh,Tomato,900.0
Uttar Pradesh,Arhar Dal(Tur Dal),6050.0
Uttar Pradesh,Barley (Jau),1635.0
Uttar Pradesh,Bengal Gram(Gram),5750.0
Uttar Pradesh,Black Gram Dal (Urd Dal),6850.0
Uttar Pradesh,Gur(Jaggery),3125.0
Uttar Pradesh,Lentil(Masur),4150.0
Uttar Pradesh,Mustard,3675.0
Uttar Pradesh,Mustard Oil,9600.0
Uttar Pradesh,Potato,535.0
Uttar Pradesh,Tomato,915.0
Uttar Pradesh,Green Chilli,2300.0
Uttar Pradesh,Peas Cod,1450.0
Uttar Pradesh,Raddish,550.0
Uttar Pradesh,Onion,2250.0
Uttar Pradesh,Wood,240.0
Uttar Pradesh,Apple,5100.0
Uttar Pradesh,Banana,2200.0
Uttar Pradesh,Banana - Green,850.0
Uttar Pradesh,Bengal Gram(Gram),5475.0
Uttar Pradesh,Bhindi(Ladies Finger),3340.0
Uttar Pradesh,Bitter Gourd,3025.0
Uttar Pradesh,Bottle Gourd,1045.0
Uttar Pradesh,Carrot,470.0
Uttar Pradesh,Cauliflower,650.0
Uttar Pradesh,Cucumbar(Kheera),1400.0
Uttar Pradesh,Garlic,2800.0
Uttar Pradesh,Ginger(Green),2650.0
Uttar Pradesh,Green Gram Dal (Moong Dal),6430.0
Uttar Pradesh,Groundnut,4750.0
Uttar Pradesh,Lemon,2000.0
Uttar Pradesh,Lentil(Masur),4560.0
Uttar Pradesh,Maize,1440.0
Uttar Pradesh,Masur Dal,5640.0
Uttar Pradesh,Mustard,3850.0
Uttar Pradesh,Papaya,900.0
Uttar Pradesh,Pomegranate,4050.0
Uttar Pradesh,Potato,435.0
Uttar Pradesh,Pumpkin,870.0
Uttar Pradesh,Raddish,350.0
Uttar Pradesh,Rice,2370.0
Uttar Pradesh,Wheat,1670.0
Uttar Pradesh,White Peas,2930.0
Uttar Pradesh,Apple,5500.0
Uttar Pradesh,Bengal Gram(Gram),5200.0
Uttar Pradesh,Brinjal,1400.0
Uttar Pradesh,Cauliflower,900.0
Uttar Pradesh,Garlic,2250.0
Uttar Pradesh,Ginger(Green),2400.0
Uttar Pradesh,Green Chilli,2600.0
Uttar Pradesh,Gur(Jaggery),3100.0
Uttar Pradesh,Mousambi(Sweet Lime),2550.0
Uttar Pradesh,Onion,2500.0
Uttar Pradesh,Rice,2140.0
Uttar Pradesh,Arhar Dal(Tur Dal),5500.0
Uttar Pradesh,Bengal Gram Dal (Chana Dal),6200.0
Uttar Pradesh,Black Gram Dal (Urd Dal),3700.0
Uttar Pradesh,Green Chilli,800.0
Uttar Pradesh,Green Peas,1800.0
Uttar Pradesh,Onion,2400.0
Uttar Pradesh,Pomegranate,4350.0
Uttar Pradesh,Tomato,800.0
Uttar Pradesh,Arhar Dal(Tur Dal),5770.0
Uttar Pradesh,Banana - Green,960.0
Uttar Pradesh,Bengal Gram(Gram),6000.0
Uttar Pradesh,Brinjal,1200.0
Uttar Pradesh,Cabbage,975.0
Uttar Pradesh,Carrot,585.0
Uttar Pradesh,Cauliflower,770.0
Uttar Pradesh,Field Pea,1600.0
Uttar Pradesh,Green Chilli,2050.0
Uttar Pradesh,Groundnut,5075.0
Uttar Pradesh,Gur(Jaggery),2975.0
Uttar Pradesh,Lemon,1780.0
Uttar Pradesh,Maize,1550.0
Uttar Pradesh,Mousambi(Sweet Lime),2220.0
Uttar Pradesh,Mustard,3880.0
Uttar Pradesh,Onion,2940.0
Uttar Pradesh,Peas(Dry),2980.0
Uttar Pradesh,Pomegranate,4000.0
Uttar Pradesh,Pumpkin,810.0
Uttar Pradesh,Rice,2250.0
Uttar Pradesh,Carrot,630.0
Uttar Pradesh,Cauliflower,450.0
Uttar Pradesh,Guava,650.0
Uttar Pradesh,Gur(Jaggery),2350.0
Uttar Pradesh,Onion,1650.0
Uttar Pradesh,Brinjal,400.0
Uttar Pradesh,Carrot,350.0
Uttar Pradesh,Cauliflower,400.0
Uttar Pradesh,Onion,1900.0
Uttar Pradesh,Potato,250.0
Uttar Pradesh,Carrot,910.0
Uttar Pradesh,Cauliflower,505.0
Uttar Pradesh,Onion,2020.0
Uttar Pradesh,Potato,415.0
Uttar Pradesh,Tomato,910.0
Uttar Pradesh,Brinjal,420.0
Uttar Pradesh,Cauliflower,385.0
Uttar Pradesh,Green Chilli,1120.0
Uttar Pradesh,Lemon,1675.0
Uttar Pradesh,Onion,1720.0
Uttar Pradesh,Potato,420.0
Uttar Pradesh,Raddish,140.0
Uttar Pradesh,Tomato,620.0
Uttar Pradesh,Apple,5150.0
Uttar Pradesh,Cauliflower,200.0
Uttar Pradesh,Kinnow,2100.0
Uttar Pradesh,Pomegranate,4900.0
Uttar Pradesh,Potato,200.0
Uttar Pradesh,Raddish,300.0
Uttar Pradesh,Tomato,630.0
Uttar Pradesh,Apple,5440.0
Uttar Pradesh,Arhar Dal(Tur Dal),5830.0
Uttar Pradesh,Banana - Green,1550.0
Uttar Pradesh,Bengal Gram Dal (Chana Dal),5850.0
Uttar Pradesh,Bengal Gram(Gram),5250.0
Uttar Pradesh,Black Gram Dal (Urd Dal),5800.0
Uttar Pradesh,Brinjal,1150.0
Uttar Pradesh,Green Gram Dal (Moong Dal),5920.0
Uttar Pradesh,Gur(Jaggery),2850.0
Uttar Pradesh,Mustard Oil,7860.0
Uttar Pradesh,Papaya,1300.0
Uttar Pradesh,Raddish,500.0
Uttar Pradesh,Rice,2430.0
Uttar Pradesh,Banana,1090.0
Uttar Pradesh,Brinjal,590.0
Uttar Pradesh,Carrot,790.0
Uttar Pradesh,Cauliflower,890.0
Uttar Pradesh,Onion,2900.0
Uttar Pradesh,Paddy(Dhan),2600.0
Uttar Pradesh,Pumpkin,790.0
Uttar Pradesh,Tomato,1490.0
Uttar Pradesh,Arhar Dal(Tur Dal),4425.0
Uttar Pradesh,Cauliflower,520.0
Uttar Pradesh,Guava,1040.0
Uttar Pradesh,Onion,2490.0
Uttar Pradesh,Raddish,170.0
Uttar Pradesh,Tomato,610.0
Uttar Pradesh,Wheat,1665.0
Uttar Pradesh,Apple,5400.0
Uttar Pradesh,Banana - Green,1200.0
Uttar Pradesh,Bengal Gram(Gram),5450.0
Uttar Pradesh,Bottle Gourd,925.0
Uttar Pradesh,Brinjal,940.0
Uttar Pradesh,Cabbage,350.0
Uttar Pradesh,Cauliflower,430.0
Uttar Pradesh,Cucumbar(Kheera),1460.0
Uttar Pradesh,Field Pea,1150.0
Uttar Pradesh,Green Chilli,1825.0
Uttar Pradesh,Gur(Jaggery),2730.0
Uttar Pradesh,Onion,2450.0
Uttar Pradesh,Papaya,1170.0
Uttar Pradesh,Pumpkin,830.0
Uttar Pradesh,Raddish,430.0
Uttar Pradesh,Rice,2420.0
Uttar Pradesh,Spinach,650.0
Uttar Pradesh,Apple,3166.0
Uttar Pradesh,Brinjal,455.0
Uttar Pradesh,Carrot,345.0
Uttar Pradesh,Cauliflower,381.0
Uttar Pradesh,Kinnow,2000.0
Uttar Pradesh,Onion,1867.0
Uttar Pradesh,Papaya,1110.0
Uttar Pradesh,Pomegranate,2500.0
Uttar Pradesh,Potato,414.0
Uttar Pradesh,Brinjal,650.0
Uttar Pradesh,Carrot,490.0
Uttar Pradesh,Cauliflower,350.0
Uttar Pradesh,Green Chilli,1200.0
Uttar Pradesh,Peas Wet,1300.0
Uttar Pradesh,Tomato,460.0
Uttar Pradesh,Green Chilli,1350.0
Uttar Pradesh,Gur(Jaggery),2150.0
Uttar Pradesh,Onion,1050.0
Uttar Pradesh,Apple,5575.0
Uttar Pradesh,Bengal Gram(Gram),5685.0
Uttar Pradesh,Carrot,800.0
Uttar Pradesh,Garlic,2850.0
Uttar Pradesh,Green Chilli,3000.0
Uttar Pradesh,Gur(Jaggery),3420.0
Uttar Pradesh,Mustard,3715.0
Uttar Pradesh,Peas Cod,1500.0
Uttar Pradesh,Potato,520.0
Uttar Pradesh,Raddish,420.0
Uttar Pradesh,Rice,2170.0
Uttar Pradesh,Apple,6050.0
Uttar Pradesh,Gur(Jaggery),3210.0
Uttar Pradesh,Onion,2150.0
Uttar Pradesh,Rice,1985.0
Uttar Pradesh,Arhar (Tur/Red Gram),3325.0
Uttar Pradesh,Wheat,1425.0
Uttar Pradesh,Apple,5225.0
Uttar Pradesh,Banana - Green,890.0
Uttar Pradesh,Cauliflower,885.0
Uttar Pradesh,Field Pea,1575.0
Uttar Pradesh,Ginger(Green),2590.0
Uttar Pradesh,Lemon,2560.0
Uttar Pradesh,Pomegranate,4200.0
Uttar Pradesh,Potato,680.0
Uttar Pradesh,Tomato,860.0
Uttar Pradesh,Arhar Dal(Tur Dal),5850.0
Uttar Pradesh,Banana - Green,900.0
Uttar Pradesh,Bengal Gram(Gram),5225.0
Uttar Pradesh,Brinjal,1000.0
Uttar Pradesh,Gur(Jaggery),3140.0
Uttar Pradesh,Mustard,3710.0
Uttar Pradesh,Peas(Dry),2940.0
Uttar Pradesh,Pomegranate,4650.0
Uttar Pradesh,Tomato,720.0
Uttar Pradesh,Wheat,1605.0
Uttar Pradesh,Maize,1160.0
Uttar Pradesh,Peas Cod,1100.0
Uttar Pradesh,Arhar (Tur/Red Gram),3400.0
Uttar Pradesh,Bajra(Pearl Millet/Cumbu),1125.0
Uttar Pradesh,Banana,2100.0
Uttar Pradesh,Ber(Zizyphus/Borehannu),1900.0
Uttar Pradesh,Brinjal,900.0
Uttar Pradesh,Cabbage,650.0
Uttar Pradesh,Capsicum,3050.0
Uttar Pradesh,Cucumbar(Kheera),2350.0
Uttar Pradesh,Garlic,1600.0
Uttar Pradesh,Ginger(Green),3100.0
Uttar Pradesh,Grapes,4350.0
Uttar Pradesh,Green Chilli,3850.0
Uttar Pradesh,Jack Fruit,2300.0
Uttar Pradesh,Lemon,2450.0
Uttar Pradesh,Maize,1225.0
Uttar Pradesh,Mustard,3350.0
Uttar Pradesh,Paddy(Dhan),2650.0
Uttar Pradesh,Papaya,1700.0
Uttar Pradesh,Peas Wet,1150.0
Uttar Pradesh,Pomegranate,5250.0
Uttar Pradesh,"Sesamum(Sesame,Gingelly,Til)",7350.0
Uttar Pradesh,Spinach,400.0
Uttar Pradesh,Tomato,850.0
Uttar Pradesh,Barley (Jau),1515.0
Uttar Pradesh,Bottle Gourd,1025.0
Uttar Pradesh,Cabbage,620.0
Uttar Pradesh,Garlic,1760.0
Uttar Pradesh,Gur(Jaggery),2825.0
Uttar Pradesh,Maize,1250.0
Uttar Pradesh,Mousambi(Sweet Lime),1700.0
Uttar Pradesh,Mustard,3270.0
Uttar Pradesh,Onion,2170.0
Uttar Pradesh,Pumpkin,910.0
Uttar Pradesh,Raddish,475.0
Uttar Pradesh,Rice,2660.0
Uttar Pradesh,Wheat,1560.0
Uttar Pradesh,Apple,5800.0
Uttar Pradesh,Arhar Dal(Tur Dal),5750.0
Uttar Pradesh,Bengal Gram Dal (Chana Dal),6300.0
Uttar Pradesh,Bengal Gram(Gram),4900.0
Uttar Pradesh,Black Gram Dal (Urd Dal),6400.0
Uttar Pradesh,Cauliflower,750.0
Uttar Pradesh,Ginger(Green),2740.0
Uttar Pradesh,Green Chilli,2780.0
Uttar Pradesh,Green Gram Dal (Moong Dal),5350.0
Uttar Pradesh,Gur(Jaggery),2900.0
Uttar Pradesh,Mustard Oil,8750.0
Uttar Pradesh,Paddy(Dhan),1460.0
Uttar Pradesh,Potato,470.0
Uttar Pradesh,Raddish,520.0
Uttar Pradesh,Rice,2280.0
Uttar Pradesh,Wheat,1565.0
Uttar Pradesh,Arhar (Tur/Red Gram),3550.0
Uttar Pradesh,Arhar Dal(Tur Dal),5650.0
Uttar Pradesh,Bajra(Pearl Millet/Cumbu),1035.0
Uttar Pradesh,Bengal Gram(Gram),4650.0
Uttar Pradesh,Black Gram (Urd Beans),4400.0
Uttar Pradesh,Black Gram Dal (Urd Dal),6230.0
Uttar Pradesh,Brinjal,700.0
Uttar Pradesh,Cabbage,950.0
Uttar Pradesh,Carrot,830.0
Uttar Pradesh,Garlic,1500.0
Uttar Pradesh,Green Chilli,2800.0
Uttar Pradesh,Green Gram (Moong),4500.0
Uttar Pradesh,Green Gram Dal (Moong Dal),5450.0
Uttar Pradesh,Lemon,2400.0
Uttar Pradesh,Mousambi(Sweet Lime),2000.0
Uttar Pradesh,Paddy(Dhan),1450.0
Uttar Pradesh,Peas(Dry),2450.0
Uttar Pradesh,Rice,2270.0
Uttar Pradesh,Carrot,650.0
Uttar Pradesh,Green Chilli,1250.0
Uttar Pradesh,Guava,850.0
Uttar Pradesh,Potato,300.0
Uttar Pradesh,Tomato,750.0
Uttar Pradesh,Arhar Dal(Tur Dal),6300.0
Uttar Pradesh,Banana,1900.0
Uttar Pradesh,Beetroot,1150.0
Uttar Pradesh,Bengal Gram Dal (Chana Dal),5600.0
Uttar Pradesh,Ber(Zizyphus/Borehannu),1000.0
Uttar Pradesh,Bottle Gourd,1500.0
Uttar Pradesh,Brinjal,1550.0
Uttar Pradesh,Cabbage,1000.0
Uttar Pradesh,Carrot,850.0
Uttar Pradesh,Chili Red,11000.0
Uttar Pradesh,Corriander Seed,6500.0
Uttar Pradesh,Garlic,2300.0
Uttar Pradesh,Grapes,5000.0
Uttar Pradesh,Green Chilli,3200.0
Uttar Pradesh,Groundnut,5300.0
Uttar Pradesh,Gur(Jaggery),3450.0
Uttar Pradesh,Kinnow,2700.0
Uttar Pradesh,Lentil(Masur),4950.0
Uttar Pradesh,Mousambi(Sweet Lime),2200.0
Uttar Pradesh,Mustard,3690.0
Uttar Pradesh,Papaya,1800.0
Uttar Pradesh,Peas Cod,1600.0
Uttar Pradesh,Pomegranate,4500.0
Uttar Pradesh,Pumpkin,1200.0
Uttar Pradesh,Spinach,750.0
Uttar Pradesh,Turmeric,10000.0
Uttar Pradesh,White Peas,3050.0
Uttar Pradesh,Apple,6800.0
Uttar Pradesh,Lemon,1800.0
Uttar Pradesh,Mousambi(Sweet Lime),3200.0
Uttar Pradesh,Paddy(Dhan),1950.0
Uttar Pradesh,Peas(Dry),2725.0
Uttar Pradesh,Pomegranate,5600.0
Uttar Pradesh,Apple,7320.0
Uttar Pradesh,Arhar Dal(Tur Dal),6025.0
Uttar Pradesh,Banana,2550.0
Uttar Pradesh,Barley (Jau),1560.0
Uttar Pradesh,Bengal Gram Dal (Chana Dal),6025.0
Uttar Pradesh,Bengal Gram(Gram),5100.0
Uttar Pradesh,Black Gram Dal (Urd Dal),6100.0
Uttar Pradesh,Garlic,2700.0
Uttar Pradesh,Green Gram Dal (Moong Dal),5925.0
Uttar Pradesh,Gur(Jaggery),3240.0
Uttar Pradesh,Maize,1140.0
Uttar Pradesh,Mustard,3200.0
Uttar Pradesh,Mustard Oil,8500.0
Uttar Pradesh,Paddy(Dhan),1340.0
Uttar Pradesh,Wheat,1590.0
Uttar Pradesh,Apple,5750.0
Uttar Pradesh,Arhar (Tur/Red Gram),3800.0
Uttar Pradesh,Arhar Dal(Tur Dal),5300.0
Uttar Pradesh,Bengal Gram(Gram),5290.0
Uttar Pradesh,Black Gram Dal (Urd Dal),5480.0
Uttar Pradesh,Garlic,3240.0
Uttar Pradesh,Green Chilli,1950.0
Uttar Pradesh,Green Gram (Moong),4830.0
Uttar Pradesh,Green Gram Dal (Moong Dal),5300.0
Uttar Pradesh,Masur Dal,4850.0
Uttar Pradesh,Mousambi(Sweet Lime),2750.0
Uttar Pradesh,Mustard,3620.0
Uttar Pradesh,Mustard Oil,8540.0
Uttar Pradesh,Onion,2030.0
Uttar Pradesh,Paddy(Dhan),1930.0
Uttar Pradesh,Potato,530.0
Uttar Pradesh,Pumpkin,1430.0
Uttar Pradesh,Rice,2230.0
Uttar Pradesh,Tomato,660.0
Uttar Pradesh,Arhar Dal(Tur Dal),6320.0
Uttar Pradesh,Bengal Gram Dal (Chana Dal),5120.0
Uttar Pradesh,Bengal Gram(Gram),4980.0
Uttar Pradesh,Black Gram Dal (Urd Dal),5280.0
Uttar Pradesh,Cauliflower,620.0
Uttar Pradesh,Garlic,2480.0
Uttar Pradesh,Ginger(Green),3460.0
Uttar Pradesh,Green Chilli,4220.0
Uttar Pradesh,Green Gram Dal (Moong Dal),6030.0
Uttar Pradesh,Green Peas,1050.0
Uttar Pradesh,Gur(Jaggery),3330.0
Uttar Pradesh,Mustard,3240.0
Uttar Pradesh,Mustard Oil,9080.0
Uttar Pradesh,Paddy(Dhan),1840.0
Uttar Pradesh,Rice,2220.0
Uttar Pradesh,Tomato,680.0
Uttar Pradesh,Wheat,1530.0
Uttar Pradesh,Bajra(Pearl Millet/Cumbu),1095.0
Uttar Pradesh,Banana,600.0
Uttar Pradesh,Ber(Zizyphus/Borehannu),800.0
Uttar Pradesh,Cucumbar(Kheera),1000.0
Uttar Pradesh,Jack Fruit,1600.0
Uttar Pradesh,Lemon,1500.0
Uttar Pradesh,Papaya,700.0
Uttar Pradesh,Peas(Dry),1000.0
Uttar Pradesh,Bajra(Pearl Millet/Cumbu),1085.0
Uttar Pradesh,Banana,2250.0
Uttar Pradesh,Banana - Green,1250.0
Uttar Pradesh,Barley (Jau),1650.0
Uttar Pradesh,Brinjal,520.0
Uttar Pradesh,Cabbage,520.0
Uttar Pradesh,Capsicum,1850.0
Uttar Pradesh,Chikoos(Sapota),2400.0
Uttar Pradesh,Ginger(Green),2950.0
Uttar Pradesh,Green Chilli,2350.0
Uttar Pradesh,Lemon,2250.0
Uttar Pradesh,Maize,1210.0
Uttar Pradesh,Mustard,3490.0
Uttar Pradesh,Potato,460.0
Uttar Pradesh,Pumpkin,700.0
Uttar Pradesh,Rice,2600.0
Uttar Pradesh,Wheat,1580.0
Uttar Pradesh,Bajra(Pearl Millet/Cumbu),1070.0
Uttar Pradesh,Bottle Gourd,870.0
Uttar Pradesh,Cabbage,675.0
Uttar Pradesh,Capsicum,2810.0
Uttar Pradesh,Carrot,480.0
Uttar Pradesh,Coriander(Leaves),970.0
Uttar Pradesh,Cucumbar(Kheera),2410.0
Uttar Pradesh,Field Pea,1300.0
Uttar Pradesh,Ginger(Green),2350.0
Uttar Pradesh,Green Chilli,1880.0
Uttar Pradesh,Onion,2840.0
Uttar Pradesh,Pumpkin,850.0
Uttar Pradesh,Raddish,310.0
Uttar Pradesh,Rice,2510.0
Uttar Pradesh,Apple,5020.0
Uttar Pradesh,Arhar Dal(Tur Dal),6200.0
Uttar Pradesh,Banana - Green,1360.0
Uttar Pradesh,Bengal Gram Dal (Chana Dal),5260.0
Uttar Pradesh,Bengal Gram(Gram),4780.0
Uttar Pradesh,Black Gram Dal (Urd Dal),6150.0
Uttar Pradesh,Carrot,580.0
Uttar Pradesh,Green Gram Dal (Moong Dal),6350.0
Uttar Pradesh,Gur(Jaggery),2830.0
Uttar Pradesh,Masur Dal,5100.0
Uttar Pradesh,Mustard Oil,8450.0
Uttar Pradesh,Paddy(Dhan),3300.0
Uttar Pradesh,Papaya,1520.0
Uttar Pradesh,Potato,360.0
Uttar Pradesh,Pumpkin,920.0
Uttar Pradesh,Rice,2640.0
Uttar Pradesh,Tomato,725.0
Uttar Pradesh,Wheat,1675.0
Uttar Pradesh,White Peas,3060.0
Uttar Pradesh,Wheat,1654.0
Uttar Pradesh,Cabbage,400.0
Uttar Pradesh,Green Chilli,1460.0
Uttar Pradesh,Apple,4850.0
Uttar Pradesh,Banana - Green,1450.0
Uttar Pradesh,Bengal Gram(Gram),4850.0
Uttar Pradesh,Brinjal,1800.0
Uttar Pradesh,Carrot,900.0
Uttar Pradesh,Cauliflower,1150.0
Uttar Pradesh,Groundnut,4525.0
Uttar Pradesh,Mustard,3720.0
Uttar Pradesh,Papaya,2100.0
Uttar Pradesh,Raddish,485.0
Uttar Pradesh,Rice,2680.0
Uttar Pradesh,Tomato,830.0
Uttar Pradesh,Wheat,1775.0
Uttar Pradesh,Apple,5350.0
Uttar Pradesh,Bengal Gram(Gram),4750.0
Uttar Pradesh,Cabbage,750.0
Uttar Pradesh,Gur(Jaggery),2460.0
Uttar Pradesh,Lemon,2100.0
Uttar Pradesh,Mousambi(Sweet Lime),2500.0
Uttar Pradesh,Mustard,3560.0
Uttar Pradesh,Mustard Oil,8150.0
Uttar Pradesh,Papaya,1150.0
Uttar Pradesh,Carrot,675.0
Uttar Pradesh,Green Chilli,1450.0
Uttar Pradesh,Onion,2375.0
Uttar Pradesh,Potato,320.0
Uttar Pradesh,Raddish,340.0
Uttar Pradesh,Tomato,950.0
Uttar Pradesh,Cabbage,690.0
Uttar Pradesh,Onion,1960.0
Uttar Pradesh,Potato,370.0
Uttar Pradesh,Barley (Jau),1615.0
Uttar Pradesh,Black Gram Dal (Urd Dal),5700.0
Uttar Pradesh,Brinjal,915.0
Uttar Pradesh,Cauliflower,710.0
Uttar Pradesh,Ginger(Green),2540.0
Uttar Pradesh,Green Chilli,2700.0
Uttar Pradesh,Mustard Oil,9530.0
Uttar Pradesh,Onion,2810.0
Uttar Pradesh,Pumpkin,1300.0
Uttar Pradesh,Gur(Jaggery),3400.0
Uttar Pradesh,Onion,2880.0
Uttar Pradesh,Apple,5535.0
Uttar Pradesh,Bengal Gram(Gram),6220.0
Uttar Pradesh,Bottle Gourd,900.0
Uttar Pradesh,Green Chilli,2140.0
Uttar Pradesh,Gur(Jaggery),3040.0
Uttar Pradesh,Lemon,3450.0
Uttar Pradesh,Lentil(Masur),4020.0
Uttar Pradesh,Maize,1230.0
Uttar Pradesh,Mousambi(Sweet Lime),2950.0
Uttar Pradesh,Onion,3150.0
Uttar Pradesh,Paddy(Dhan),1430.0
Uttar Pradesh,Potato,610.0
Uttar Pradesh,Tomato,1500.0
Uttar Pradesh,Banana - Green,1040.0
Uttar Pradesh,Bengal Gram(Gram),5230.0
Uttar Pradesh,Onion,2420.0
Uttar Pradesh,Potato,580.0
Uttar Pradesh,Rice,2145.0
Uttar Pradesh,Apple,5550.0
Uttar Pradesh,Arhar Dal(Tur Dal),5840.0
Uttar Pradesh,Barley (Jau),1630.0
Uttar Pradesh,Bengal Gram Dal (Chana Dal),5500.0
Uttar Pradesh,Bengal Gram(Gram),5080.0
Uttar Pradesh,Black Gram (Urd Beans),5400.0
Uttar Pradesh,Black Gram Dal (Urd Dal),6175.0
Uttar Pradesh,Bottle Gourd,1225.0
Uttar Pradesh,Brinjal,1325.0
Uttar Pradesh,Cabbage,700.0
Uttar Pradesh,Capsicum,2130.0
Uttar Pradesh,Cauliflower,730.0
Uttar Pradesh,Cucumbar(Kheera),1520.0
Uttar Pradesh,Garlic,2025.0
Uttar Pradesh,Ginger(Green),2490.0
Uttar Pradesh,Green Gram (Moong),5750.0
Uttar Pradesh,Groundnut,5170.0
Uttar Pradesh,Gur(Jaggery),3160.0
Uttar Pradesh,Lentil(Masur),4230.0
Uttar Pradesh,Maize,1430.0
Uttar Pradesh,Mousambi(Sweet Lime),2570.0
Uttar Pradesh,Mustard Oil,9560.0
Uttar Pradesh,Onion,2430.0
Uttar Pradesh,Orange,2565.0
Uttar Pradesh,Papaya,1530.0
Uttar Pradesh,Peas(Dry),2960.0
Uttar Pradesh,Pomegranate,4160.0
Uttar Pradesh,Potato,570.0
Uttar Pradesh,Tomato,925.0
Uttar Pradesh,Bengal Gram(Gram),6500.0
Uttar Pradesh,Gur(Jaggery),3600.0
Uttar Pradesh,Onion,3500.0
Uttar Pradesh,Potato,750.0
Uttar Pradesh,Lentil(Masur),3000.0
Uttar Pradesh,Mustard Oil,8300.0
Uttar Pradesh,Peas(Dry),2200.0
Uttar Pradesh,"Sesamum(Sesame,Gingelly,Til)",6800.0
Uttar Pradesh,Wheat,1500.0
Uttar Pradesh,Linseed,4100.0
Uttar Pradesh,Peas(Dry),2525.0
Uttar Pradesh,Rice,1950.0
Uttar Pradesh,"Sesamum(Sesame,Gingelly,Til)",7400.0
Uttar Pradesh,Wheat,1515.0
Uttar Pradesh,Black Gram (Urd Beans),3200.0
Uttar Pradesh,Peas(Dry),2500.0
Uttar Pradesh,Wheat,1510.0
Uttar Pradesh,Lentil(Masur),4240.0
Uttar Pradesh,Mustard,5900.0
Uttar Pradesh,Onion,2610.0
Uttar Pradesh,Paddy(Dhan),1510.0
Uttar Pradesh,Rice,2130.0
Uttar Pradesh,Tomato,1180.0
Uttar Pradesh,Garlic,1000.0
Uttar Pradesh,Apple,8610.0
Uttar Pradesh,Bengal Gram(Gram),6320.0
Uttar Pradesh,Ginger(Green),3800.0
Uttar Pradesh,Gur(Jaggery),3110.0
Uttar Pradesh,Onion,2280.0
Uttar Pradesh,Paddy(Dhan),1410.0
Uttar Pradesh,Wheat,1520.0
Uttar Pradesh,Arhar (Tur/Red Gram),3450.0
Uttar Pradesh,Bajra(Pearl Millet/Cumbu),1100.0
Uttar Pradesh,Banana,2300.0
Uttar Pradesh,Bengal Gram(Gram),5800.0
Uttar Pradesh,Cauliflower,640.0
Uttar Pradesh,Cotton,4450.0
Uttar Pradesh,Ghee,38750.0
Uttar Pradesh,Grapes,5500.0
Uttar Pradesh,Green Chilli,2650.0
Uttar Pradesh,Green Gram (Moong),4980.0
Uttar Pradesh,Green Peas,1200.0
Uttar Pradesh,Gur(Jaggery),3050.0
Uttar Pradesh,Maize,1185.0
Uttar Pradesh,Paddy(Dhan),3320.0
Uttar Pradesh,Paddy(Dhan),3020.0
Uttar Pradesh,Paddy(Dhan),3610.0
Uttar Pradesh,Papaya,2200.0
Uttar Pradesh,Peas(Dry),3010.0
Uttar Pradesh,Pomegranate,5900.0
Uttar Pradesh,Rice,2545.0
Uttar Pradesh,Sweet Potato,1360.0
Uttar Pradesh,Bajra(Pearl Millet/Cumbu),1025.0
Uttar Pradesh,Paddy(Dhan),1590.0
Uttar Pradesh,Paddy(Dhan),2450.0
Uttar Pradesh,Paddy(Dhan),2745.0
Uttar Pradesh,Potato,265.0
Uttar Pradesh,Wheat,1546.0
Uttar Pradesh,Garlic,2900.0
Uttar Pradesh,Lentil(Masur),2700.0
Uttar Pradesh,Pumpkin,1150.0
Uttar Pradesh,Raddish,560.0
Uttar Pradesh,"Sesamum(Sesame,Gingelly,Til)",7100.0
Uttar Pradesh,Wheat,1495.0
Uttar Pradesh,Peas(Dry),2460.0
Uttar Pradesh,Lentil(Masur),2890.0
Uttar Pradesh,Peas(Dry),2370.0
Uttar Pradesh,Bottle Gourd,860.0
Uttar Pradesh,Brinjal,890.0
Uttar Pradesh,Cabbage,725.0
Uttar Pradesh,Cauliflower,780.0
Uttar Pradesh,Green Chilli,2010.0
Uttar Pradesh,Lentil(Masur),2745.0
Uttar Pradesh,Mustard,3295.0
Uttar Pradesh,Onion,1920.0
Uttar Pradesh,Potato,510.0
Uttar Pradesh,"Sesamum(Sesame,Gingelly,Til)",7145.0
Uttar Pradesh,Wheat,1505.0
Uttar Pradesh,White Peas,2521.0
Uttar Pradesh,Lentil(Masur),2905.0
Uttar Pradesh,Peas(Dry),2545.0
Uttar Pradesh,Pumpkin,1225.0
Uttar Pradesh,"Sesamum(Sesame,Gingelly,Til)",7402.0
Uttar Pradesh,Wheat,1503.0
Uttar Pradesh,Arhar Dal(Tur Dal),6150.0
Uttar Pradesh,Bengal Gram Dal (Chana Dal),5750.0
Uttar Pradesh,Black Gram Dal (Urd Dal),5650.0
Uttar Pradesh,Bottle Gourd,1220.0
Uttar Pradesh,Mustard,3740.0
Uttar Pradesh,Pomegranate,4450.0
Uttar Pradesh,Pumpkin,1480.0
Uttar Pradesh,Rice,2125.0
Uttar Pradesh,Bengal Gram(Gram),5920.0
Uttar Pradesh,Bottle Gourd,880.0
Uttar Pradesh,Brinjal,810.0
Uttar Pradesh,Carrot,660.0
Uttar Pradesh,Cauliflower,860.0
Uttar Pradesh,Garlic,3040.0
Uttar Pradesh,Gur(Jaggery),3610.0
Uttar Pradesh,Mousambi(Sweet Lime),1790.0
Uttar Pradesh,Mustard Oil,9800.0
Uttar Pradesh,Peas Cod,1510.0
Uttar Pradesh,Pomegranate,4120.0
Uttar Pradesh,Ginger(Green),1945.0
Uttar Pradesh,Peas(Dry),2600.0
Uttar Pradesh,Tomato,560.0
Uttar Pradesh,Lentil(Masur),2900.0
Uttar Pradesh,Peas(Dry),2300.0
Uttar Pradesh,Apple,5380.0
Uttar Pradesh,Barley (Jau),1325.0
Uttar Pradesh,Bengal Gram(Gram),3610.0
Uttar Pradesh,Onion,1600.0
Uttar Pradesh,"Sesamum(Sesame,Gingelly,Til)",6900.0
Uttar Pradesh,Barley (Jau),1300.0
Uttar Pradesh,Lentil(Masur),2860.0
Uttar Pradesh,Mustard,3160.0
Uttar Pradesh,Onion,2240.0
Uttar Pradesh,Onion,1730.0
Uttar Pradesh,Paddy(Dhan),3240.0
Uttar Pradesh,Tomato,540.0
Uttar Pradesh,Banana,960.0
Uttar Pradesh,Brinjal,350.0
Uttar Pradesh,Apple,4150.0
Uttar Pradesh,Banana,800.0
Uttar Pradesh,Onion,1700.0
Uttar Pradesh,Raddish,320.0
Uttar Pradesh,Apple,7300.0
Uttar Pradesh,Bajra(Pearl Millet/Cumbu),1020.0
Uttar Pradesh,Bengal Gram Dal (Chana Dal),6050.0
Uttar Pradesh,Black Gram Dal (Urd Dal),6240.0
Uttar Pradesh,Green Gram (Moong),4600.0
Uttar Pradesh,Mustard,3510.0
Uttar Pradesh,Paddy(Dhan),2300.0
Uttar Pradesh,Rice,2240.0
Uttar Pradesh,White Peas,2400.0
Uttar Pradesh,Banana,2400.0
Uttar Pradesh,Mustard,3600.0
Uttar Pradesh,Mustard Oil,8550.0
Uttar Pradesh,Paddy(Dhan),1480.0
Uttar Pradesh,Pomegranate,6100.0
Uttar Pradesh,Potato,475.0
Uttar Pradesh,Pumpkin,680.0
Uttar Pradesh,Arhar (Tur/Red Gram),4625.0
Uttar Pradesh,Bajra(Pearl Millet/Cumbu),1220.0
Uttar Pradesh,Barley (Jau),1545.0
Uttar Pradesh,Black Gram Dal (Urd Dal),5400.0
Uttar Pradesh,Brinjal,510.0
Uttar Pradesh,Cauliflower,425.0
Uttar Pradesh,Garlic,3000.0
Uttar Pradesh,Ginger(Green),3025.0
Uttar Pradesh,Guava,1200.0
Uttar Pradesh,Gur(Jaggery),3325.0
Uttar Pradesh,Mustard,3625.0
Uttar Pradesh,Mustard Oil,9000.0
Uttar Pradesh,Onion,2675.0
Uttar Pradesh,Tomato,625.0
Uttar Pradesh,Paddy(Dhan),1555.0
Uttar Pradesh,Apple,5450.0
Uttar Pradesh,Arhar (Tur/Red Gram),3880.0
Uttar Pradesh,Arhar Dal(Tur Dal),5630.0
Uttar Pradesh,Bajra(Pearl Millet/Cumbu),1050.0
Uttar Pradesh,Banana - Green,1265.0
Uttar Pradesh,Bengal Gram Dal (Chana Dal),5000.0
Uttar Pradesh,Bengal Gram(Gram),4150.0
Uttar Pradesh,Bottle Gourd,1325.0
Uttar Pradesh,Chili Red,9000.0
Uttar Pradesh,Ginger(Green),2575.0
Uttar Pradesh,Green Gram (Moong),4750.0
Uttar Pradesh,Gur(Jaggery),2950.0
Uttar Pradesh,Lentil(Masur),3575.0
Uttar Pradesh,Mousambi(Sweet Lime),2825.0
Uttar Pradesh,Onion,1800.0
Uttar Pradesh,Papaya,1660.0
Uttar Pradesh,Peas(Dry),2550.0
Uttar Pradesh,Potato,495.0
Uttar Pradesh,Pumpkin,1600.0
Uttar Pradesh,Rice,2160.0
Uttar Pradesh,Turmeric,9525.0
Uttar Pradesh,Apple,4800.0
Uttar Pradesh,Arhar (Tur/Red Gram),3300.0
Uttar Pradesh,Arhar Dal(Tur Dal),5400.0
Uttar Pradesh,Banana,1960.0
Uttar Pradesh,Bengal Gram Dal (Chana Dal),5250.0
Uttar Pradesh,Bengal Gram(Gram),3800.0
Uttar Pradesh,Brinjal,800.0
Uttar Pradesh,Carrot,825.0
Uttar Pradesh,Peas(Dry),2480.0
Uttar Pradesh,Pumpkin,1350.0
Uttar Pradesh,Bajra(Pearl Millet/Cumbu),1110.0
Uttar Pradesh,Barley (Jau),1405.0
Uttar Pradesh,Bengal Gram(Gram),4000.0
Uttar Pradesh,Maize,1400.0
Uttar Pradesh,Wheat,1490.0
Uttar Pradesh,Mustard,3000.0
Uttar Pradesh,Tomato,400.0
Uttar Pradesh,Cauliflower,460.0
Uttar Pradesh,Onion,930.0
Uttar Pradesh,Gur(Jaggery),3230.0
Uttar Pradesh,Gur(Jaggery),740.0
Uttar Pradesh,Gur(Jaggery),2410.0
Uttar Pradesh,White Pumpkin,260.0
Uttar Pradesh,Apple,5200.0
Uttar Pradesh,Banana - Green,500.0
Uttar Pradesh,Carrot,500.0
Uttar Pradesh,Ginger(Green),1000.0
Uttar Pradesh,Pomegranate,3000.0
Uttar Pradesh,Apple,6200.0
Uttar Pradesh,Banana,1630.0
Uttar Pradesh,Bottle Gourd,1350.0
Uttar Pradesh,Brinjal,1060.0
Uttar Pradesh,Lentil(Masur),4810.0
Uttar Pradesh,Maize,1420.0
Uttar Pradesh,Mustard,3760.0
Uttar Pradesh,Paddy(Dhan),1380.0
Uttar Pradesh,Papaya,1950.0
Uttar Pradesh,Pumpkin,1340.0
Uttar Pradesh,Sugar,3360.0
Uttar Pradesh,Tomato,980.0
Uttar Pradesh,Apple,6220.0
Uttar Pradesh,Banana,1500.0
Uttar Pradesh,Bottle Gourd,1450.0
Uttar Pradesh,Cabbage,830.0
Uttar Pradesh,Cauliflower,790.0
Uttar Pradesh,Green Chilli,1970.0
Uttar Pradesh,Gur(Jaggery),2570.0
Uttar Pradesh,Mustard,3610.0
Uttar Pradesh,Mustard Oil,9350.0
Uttar Pradesh,Bengal Gram(Gram),3348.0
Uttar Pradesh,Black Gram (Urd Beans),3275.0
Uttar Pradesh,Green Gram (Moong),4175.0
Uttar Pradesh,Groundnut,3165.0
Uttar Pradesh,Lentil(Masur),3210.0
Uttar Pradesh,Mahua,1875.0
Uttar Pradesh,Mustard,3540.0
Uttar Pradesh,Peas(Dry),2510.0
Uttar Pradesh,Soyabean,3200.0
Uttar Pradesh,Arhar (Tur/Red Gram),5220.0
Uttar Pradesh,Barley (Jau),1625.0
Uttar Pradesh,Bengal Gram(Gram),4300.0
Uttar Pradesh,Guava,1100.0
Uttar Pradesh,Maize,1380.0
Uttar Pradesh,Mustard,3680.0
Uttar Pradesh,Orange,3000.0
Uttar Pradesh,Papaya,1500.0
Uttar Pradesh,Pomegranate,3650.0
Uttar Pradesh,Rice,2190.0
Uttar Pradesh,Banana - Green,540.0
Uttar Pradesh,Green Chilli,1650.0
Uttar Pradesh,Onion,2930.0
Uttar Pradesh,Potato,640.0
Uttar Pradesh,Banana - Green,650.0
Uttar Pradesh,Lentil(Masur),3850.0
Uttar Pradesh,Pointed Gourd (Parval),1440.0
Uttar Pradesh,Tomato,1450.0
Uttar Pradesh,Banana - Green,550.0
Uttar Pradesh,Onion,2920.0
Uttar Pradesh,Peas Wet,1240.0
Uttar Pradesh,Potato,650.0
Uttar Pradesh,Rice,2120.0
Uttar Pradesh,Tomato,1050.0
Uttar Pradesh,Arhar Dal(Tur Dal),5725.0
Uttar Pradesh,Banana - Green,1115.0
Uttar Pradesh,Bengal Gram(Gram),5415.0
Uttar Pradesh,Brinjal,1250.0
Uttar Pradesh,Cauliflower,1325.0
Uttar Pradesh,Garlic,2350.0
Uttar Pradesh,Lentil(Masur),4075.0
Uttar Pradesh,Peas Wet,2250.0
Uttar Pradesh,Raddish,650.0
Uttar Pradesh,Gur(Jaggery),3200.0
Uttar Pradesh,Peas(Dry),2410.0
Uttar Pradesh,Rice,2030.0
Uttar Pradesh,Bajra(Pearl Millet/Cumbu),1180.0
Uttar Pradesh,Bottle Gourd,560.0
Uttar Pradesh,Brinjal,610.0
Uttar Pradesh,Cauliflower,420.0
Uttar Pradesh,Garlic,1100.0
Uttar Pradesh,Green Chilli,2200.0
Uttar Pradesh,Groundnut,4340.0
Uttar Pradesh,Orange,2500.0
Uttar Pradesh,Peas Wet,830.0
Uttar Pradesh,Raddish,460.0
Uttar Pradesh,Brinjal,740.0
Uttar Pradesh,Capsicum,2450.0
Uttar Pradesh,Coriander(Leaves),700.0
Uttar Pradesh,Ginger(Green),2900.0
Uttar Pradesh,Methi(Leaves),680.0
Uttar Pradesh,Onion,2080.0
Uttar Pradesh,Spinach,450.0
Uttar Pradesh,Tomato,600.0
Uttar Pradesh,Apple,4600.0
Uttar Pradesh,Banana - Green,1350.0
Uttar Pradesh,Cabbage,730.0
Uttar Pradesh,Cauliflower,670.0
Uttar Pradesh,Grapes,4650.0
Uttar Pradesh,Green Chilli,2100.0
Uttar Pradesh,Green Peas,1060.0
Uttar Pradesh,Gur(Jaggery),2875.0
Uttar Pradesh,Lemon,2550.0
Uttar Pradesh,Maize,1240.0
Uttar Pradesh,Methi(Leaves),800.0
Uttar Pradesh,Mustard,3340.0
Uttar Pradesh,Mustard Oil,8650.0
Uttar Pradesh,Orange,2400.0
Uttar Pradesh,Paddy(Dhan),3160.0
Uttar Pradesh,Paddy(Dhan),2850.0
Uttar Pradesh,Paddy(Dhan),1551.0
Uttar Pradesh,Paddy(Dhan),2575.0
Uttar Pradesh,Papaya,1140.0
Uttar Pradesh,Pomegranate,4400.0
Uttar Pradesh,Pumpkin,800.0
Uttar Pradesh,Spinach,430.0
Uttar Pradesh,Wheat,1575.0
Uttar Pradesh,Apple,5000.0
Uttar Pradesh,Bajra(Pearl Millet/Cumbu),1040.0
Uttar Pradesh,Bottle Gourd,830.0
Uttar Pradesh,Cabbage,580.0
Uttar Pradesh,Carrot,610.0
Uttar Pradesh,Ginger(Green),2300.0
Uttar Pradesh,Guava,1600.0
Uttar Pradesh,Paddy(Dhan),3150.0
Uttar Pradesh,Raddish,270.0
Uttar Pradesh,Banana - Green,1125.0
Uttar Pradesh,Bottle Gourd,840.0
Uttar Pradesh,Grapes,3650.0
Uttar Pradesh,Lemon,2140.0
Uttar Pradesh,Onion,2820.0
Uttar Pradesh,Papaya,1160.0
Uttar Pradesh,Pomegranate,2950.0
Uttar Pradesh,Pumpkin,750.0
Uttar Pradesh,Rice,2525.0
Uttar Pradesh,Arhar Dal(Tur Dal),5600.0
Uttar Pradesh,Bengal Gram(Gram),5125.0
Uttar Pradesh,Brinjal,1300.0
Uttar Pradesh,Garlic,2400.0
Uttar Pradesh,Potato,600.0
Uttar Pradesh,Rice,2690.0
Uttar Pradesh,Banana - Green,775.0
Uttar Pradesh,Green Peas,900.0
Uttar Pradesh,Gur(Jaggery),2250.0
Uttar Pradesh,Lemon,1300.0
Uttar Pradesh,Onion,2800.0
Uttar Pradesh,Potato,445.0
Uttar Pradesh,Apple,6070.0
Uttar Pradesh,Bengal Gram Dal (Chana Dal),5625.0
Uttar Pradesh,Bengal Gram(Gram),5210.0
Uttar Pradesh,Garlic,2860.0
Uttar Pradesh,Ginger(Green),3045.0
Uttar Pradesh,Gur(Jaggery),3470.0
Uttar Pradesh,Lentil(Masur),4080.0
Uttar Pradesh,Mustard Oil,9575.0
Uttar Pradesh,Peas(Dry),2950.0
Uttar Pradesh,Bajra(Pearl Millet/Cumbu),1065.0
Uttar Pradesh,Black Gram (Urd Beans),3450.0
Uttar Pradesh,Mustard,2850.0
Uttar Pradesh,Potato,310.0
Uttar Pradesh,Apple,4925.0
Uttar Pradesh,Banana,975.0
Uttar Pradesh,Brinjal,685.0
Uttar Pradesh,Gur(Jaggery),2620.0
Uttar Pradesh,Lentil(Masur),4015.0
Uttar Pradesh,Mustard,3820.0
Uttar Pradesh,Peas(Dry),2930.0
Uttar Pradesh,Wheat,1645.0
Uttar Pradesh,Banana,850.0
Uttar Pradesh,Black Gram (Urd Beans),4800.0
Uttar Pradesh,Brinjal,1175.0
Uttar Pradesh,Green Gram (Moong),5580.0
Uttar Pradesh,Lentil(Masur),4650.0
Uttar Pradesh,Maize,1540.0
Uttar Pradesh,Mousambi(Sweet Lime),2300.0
Uttar Pradesh,Papaya,950.0
Uttar Pradesh,Peas(Dry),2925.0
Uttar Pradesh,Rice,2275.0
Uttar Pradesh,Cabbage,445.0
Uttar Pradesh,Carrot,530.0
Uttar Pradesh,Guava,1250.0
Uttar Pradesh,Ber(Zizyphus/Borehannu),805.0
Uttar Pradesh,Carrot,400.0
Uttar Pradesh,Apple,5330.0
Uttar Pradesh,Barley (Jau),1690.0
Uttar Pradesh,Bottle Gourd,1060.0
Uttar Pradesh,Brinjal,1010.0
Uttar Pradesh,Garlic,2610.0
Uttar Pradesh,Gur(Jaggery),2680.0
Uttar Pradesh,Lemon,2010.0
Uttar Pradesh,Mustard,3580.0
Uttar Pradesh,Papaya,1250.0
Uttar Pradesh,Pumpkin,415.0
Uttar Pradesh,Tomato,1230.0
Uttar Pradesh,Arhar Dal(Tur Dal),6250.0
Uttar Pradesh,Banana - Green,1400.0
Uttar Pradesh,Carrot,750.0
Uttar Pradesh,Ginger(Green),2500.0
Uttar Pradesh,Gur(Jaggery),2450.0
Uttar Pradesh,Rice,2650.0
Uttar Pradesh,Bottle Gourd,940.0
Uttar Pradesh,Cabbage,340.0
Uttar Pradesh,Carrot,460.0
Uttar Pradesh,Cucumbar(Kheera),900.0
Uttar Pradesh,Ginger(Green),3200.0
Uttar Pradesh,Green Peas,1120.0
Uttar Pradesh,Lemon,3200.0
Uttar Pradesh,Papaya,740.0
Uttar Pradesh,Pumpkin,440.0
Uttar Pradesh,Raddish,280.0
Uttar Pradesh,Wood,290.0
Uttar Pradesh,Arhar Dal(Tur Dal),5800.0
Uttar Pradesh,Brinjal,1500.0
Uttar Pradesh,Cauliflower,1000.0
Uttar Pradesh,Lentil(Masur),4225.0
Uttar Pradesh,Potato,590.0
Uttar Pradesh,Onion,2220.0
Uttar Pradesh,Potato,345.0
Uttar Pradesh,Apple,4250.0
Uttar Pradesh,Banana,1230.0
Uttar Pradesh,Bengal Gram(Gram),5630.0
Uttar Pradesh,Bottle Gourd,985.0
Uttar Pradesh,Brinjal,885.0
Uttar Pradesh,Cabbage,670.0
Uttar Pradesh,Green Chilli,2980.0
Uttar Pradesh,Guava,1870.0
Uttar Pradesh,Gur(Jaggery),2715.0
Uttar Pradesh,Lemon,3095.0
Uttar Pradesh,Mousambi(Sweet Lime),2665.0
Uttar Pradesh,Mustard,3990.0
Uttar Pradesh,Mustard Oil,8225.0
Uttar Pradesh,Papaya,1890.0
Uttar Pradesh,Pumpkin,760.0
Uttar Pradesh,Tomato,865.0
Uttar Pradesh,Wheat,1715.0
Uttar Pradesh,Apple,4660.0
Uttar Pradesh,Brinjal,1030.0
Uttar Pradesh,Cauliflower,630.0
Uttar Pradesh,Onion,2520.0
Uttar Pradesh,Pomegranate,3700.0
Uttar Pradesh,Pumpkin,865.0
Uttar Pradesh,Rice,2260.0
Uttar Pradesh,Tomato,730.0
Uttar Pradesh,Apple,6850.0
Uttar Pradesh,Bengal Gram(Gram),6380.0
Uttar Pradesh,Bottle Gourd,990.0
Uttar Pradesh,Brinjal,1100.0
Uttar Pradesh,Carrot,1120.0
Uttar Pradesh,Onion,2925.0
Uttar Pradesh,Garlic,2050.0
Uttar Pradesh,Gur(Jaggery),3300.0
Uttar Pradesh,Rice,2025.0
Uttar Pradesh,Rice,2040.0
Uttar Pradesh,Apple,4700.0
Uttar Pradesh,Black Gram (Urd Beans),3790.0
Uttar Pradesh,Bottle Gourd,750.0
Uttar Pradesh,Carrot,780.0
Uttar Pradesh,Cauliflower,700.0
Uttar Pradesh,Garlic,2200.0
Uttar Pradesh,Grapes,4500.0
Uttar Pradesh,Green Chilli,2260.0
Uttar Pradesh,Green Peas,1400.0
Uttar Pradesh,Mousambi(Sweet Lime),3250.0
Uttar Pradesh,Papaya,2000.0
Uttar Pradesh,Raddish,820.0
Uttar Pradesh,Paddy(Dhan),1605.0
Uttar Pradesh,Potato,375.0
Uttar Pradesh,Apple,5045.0
Uttar Pradesh,Bengal Gram(Gram),5640.0
Uttar Pradesh,Gur(Jaggery),2745.0
Uttar Pradesh,Mustard,3875.0
Uttar Pradesh,Mustard Oil,8320.0
Uttar Pradesh,Rice,2360.0
Uttar Pradesh,Carrot,425.0
Uttar Pradesh,Cauliflower,410.0
Uttar Pradesh,Peas Wet,530.0
Uttar Pradesh,Potato,315.0
Uttar Pradesh,Raddish,275.0
Uttar Pradesh,Tomato,505.0
Uttar Pradesh,Wood,300.0
Uttar Pradesh,Apple,3600.0
Uttar Pradesh,Chikoos(Sapota),2600.0
Uttar Pradesh,Ginger(Green),3300.0
Uttar Pradesh,Guava,2100.0
Uttar Pradesh,Kinnow,1300.0
Uttar Pradesh,Cabbage,465.0
Uttar Pradesh,Carrot,455.0
Uttar Pradesh,Onion,2885.0
Uttar Pradesh,Tomato,1215.0
Uttar Pradesh,Cabbage,660.0
Uttar Pradesh,Carrot,540.0
Uttar Pradesh,Wood,295.0
Uttar Pradesh,Apple,5320.0
Uttar Pradesh,Arhar Dal(Tur Dal),6210.0
Uttar Pradesh,Banana - Green,1330.0
Uttar Pradesh,Bengal Gram(Gram),4760.0
Uttar Pradesh,Cauliflower,610.0
Uttar Pradesh,Green Gram Dal (Moong Dal),6310.0
Uttar Pradesh,Gur(Jaggery),2660.0
Uttar Pradesh,Lentil(Masur),4050.0
Uttar Pradesh,Maize,1475.0
Uttar Pradesh,Masur Dal,5125.0
Uttar Pradesh,Mustard Oil,8180.0
Uttar Pradesh,Peas(Dry),2665.0
Uttar Pradesh,Rice,2665.0
Uttar Pradesh,Bottle Gourd,550.0
Uttar Pradesh,Cauliflower,300.0
Uttar Pradesh,Wood,255.0
Uttar Pradesh,Brinjal,1625.0
Uttar Pradesh,Carrot,1200.0
Uttar Pradesh,Cauliflower,1200.0
Uttar Pradesh,Garlic,2550.0
Uttar Pradesh,Green Peas,1525.0
Uttar Pradesh,Gur(Jaggery),3065.0
Uttar Pradesh,Mousambi(Sweet Lime),2900.0
Uttar Pradesh,Pumpkin,835.0
Uttar Pradesh,Brinjal,560.0
Uttar Pradesh,Cauliflower,325.0
Uttar Pradesh,Green Chilli,790.0
Uttar Pradesh,Brinjal,1350.0
Uttar Pradesh,Firewood,400.0
Uttar Pradesh,Ginger(Green),2560.0
Uttar Pradesh,Green Chilli,2280.0
Uttar Pradesh,Onion,2010.0
Uttar Pradesh,Arhar (Tur/Red Gram),6200.0
Uttar Pradesh,Black Gram (Urd Beans),6220.0
Uttar Pradesh,Mustard Oil,8220.0
Uttar Pradesh,Rice,2050.0
Uttar Pradesh,Potato,625.0
Uttar Pradesh,Rice,2020.0
Uttar Pradesh,Cauliflower,1015.0
Uttar Pradesh,Green Chilli,2530.0
Uttar Pradesh,Gur(Jaggery),3060.0
Uttar Pradesh,Lentil(Masur),4160.0
Uttar Pradesh,Peas(Dry),2840.0
Uttar Pradesh,Onion,2455.0
Uttar Pradesh,Rice,2075.0
Uttar Pradesh,Paddy(Dhan),1545.0
Uttar Pradesh,Rice,1935.0
Uttar Pradesh,Firewood,240.0
Uttar Pradesh,Gur(Jaggery),2200.0
Uttar Pradesh,Wood,220.0
Uttar Pradesh,Gur(Jaggery),2310.0
Uttar Pradesh,Wheat,1732.0
Uttar Pradesh,Wood,280.0
Uttar Pradesh,Onion,2320.0
Uttar Pradesh,Paddy(Dhan),1440.0
Uttar Pradesh,Rice,2255.0
Uttar Pradesh,Tomato,940.0
Uttar Pradesh,Firewood,280.0
Uttar Pradesh,Gur(Jaggery),2315.0
Uttar Pradesh,Potato,700.0
Uttar Pradesh,Arhar Dal(Tur Dal),5810.0
Uttar Pradesh,Barley (Jau),1525.0
Uttar Pradesh,Bengal Gram(Gram),5240.0
Uttar Pradesh,Gur(Jaggery),3315.0
Uttar Pradesh,Lentil(Masur),4215.0
Uttar Pradesh,Onion,2615.0
Uttar Pradesh,Rice,2165.0
Uttar Pradesh,White Peas,2750.0
Uttar Pradesh,Guava,950.0
Uttar Pradesh,Maize,1130.0
Uttar Pradesh,"Sesamum(Sesame,Gingelly,Til)",6200.0
Uttar Pradesh,Paddy(Dhan),2725.0
Uttar Pradesh,Arhar Dal(Tur Dal),5225.0
Uttar Pradesh,Black Gram Dal (Urd Dal),5550.0
Uttar Pradesh,Mustard,3750.0
Uttar Pradesh,Paddy(Dhan),1650.0
Uttar Pradesh,Banana,2880.0
Uttar Pradesh,Banana - Green,1300.0
Uttar Pradesh,Bottle Gourd,1270.0
Uttar Pradesh,Brinjal,930.0
Uttar Pradesh,Cabbage,710.0
Uttar Pradesh,Carrot,1180.0
Uttar Pradesh,Grapes,4300.0
Uttar Pradesh,Lemon,1600.0
Uttar Pradesh,Mousambi(Sweet Lime),2580.0
Uttar Pradesh,Peas Cod,1275.0
Uttar Pradesh,Arhar Dal(Tur Dal),6130.0
Uttar Pradesh,Bengal Gram Dal (Chana Dal),5640.0
Uttar Pradesh,Bengal Gram(Gram),4970.0
Uttar Pradesh,Black Gram (Urd Beans),5250.0
Uttar Pradesh,Black Gram Dal (Urd Dal),5780.0
Uttar Pradesh,Green Gram (Moong),5590.0
Uttar Pradesh,Green Gram Dal (Moong Dal),6370.0
Uttar Pradesh,Linseed,4650.0
Uttar Pradesh,Masur Dal,4900.0
Uttar Pradesh,Rice,2185.0
Uttrakhand,Bottle Gourd,500.0
Uttrakhand,Cabbage,400.0
Uttrakhand,Carrot,700.0
Uttrakhand,Cauliflower,500.0
Uttrakhand,Cucumbar(Kheera),700.0
Uttrakhand,French Beans (Frasbean),1050.0
Uttrakhand,Green Chilli,1050.0
Uttrakhand,Onion,2000.0
Uttrakhand,Pomegranate,3500.0
Uttrakhand,Potato,450.0
Uttrakhand,Pumpkin,550.0
Uttrakhand,Raddish,400.0
Uttrakhand,Tomato,650.0
Uttrakhand,Banana,1000.0
Uttrakhand,Cabbage,550.0
Uttrakhand,Carrot,850.0
Uttrakhand,Cauliflower,515.0
Uttrakhand,Field Pea,1650.0
Uttrakhand,French Beans (Frasbean),2600.0
Uttrakhand,Grapes,5500.0
Uttrakhand,Onion,2800.0
Uttrakhand,Orange,2200.0
Uttrakhand,Papaya,1050.0
Uttrakhand,Potato,400.0
Uttrakhand,Pumpkin,750.0
Uttrakhand,Tomato,875.0
Uttrakhand,Carrot,710.0
Uttrakhand,Cauliflower,550.0
Uttrakhand,Potato,425.0
Uttrakhand,Onion,1700.0
Uttrakhand,Guava,650.0
Uttrakhand,Tomato,700.0
Uttrakhand,Brinjal,500.0
Uttrakhand,Carrot,350.0
Uttrakhand,Cauliflower,300.0
Uttrakhand,Green Chilli,940.0
Uttrakhand,Green Peas,800.0
Uttrakhand,Potato,290.0
Uttrakhand,Raddish,150.0
Uttrakhand,Tomato,680.0
Uttrakhand,Bhindi(Ladies Finger),3500.0
Uttrakhand,Bottle Gourd,1200.0
Uttrakhand,Brinjal,900.0
Uttrakhand,Cabbage,600.0
Uttrakhand,Carrot,900.0
Uttrakhand,Colacasia,1600.0
Uttrakhand,Cucumbar(Kheera),1200.0
Uttrakhand,Green Chilli,1200.0
Uttrakhand,Green Peas,1000.0
Uttrakhand,Guava,1500.0
Uttrakhand,Orange,1900.0
Uttrakhand,Potato,500.0
Uttrakhand,Pumpkin,700.0
Uttrakhand,Tomato,600.0
Uttrakhand,Bottle Gourd,1000.0
Uttrakhand,Guava,1350.0
Uttrakhand,Mousambi(Sweet Lime),2150.0
Uttrakhand,Onion,2350.0
Uttrakhand,Potato,600.0
Uttrakhand,Pumpkin,450.0
Uttrakhand,Green Peas,1575.0
Uttrakhand,Beans,1050.0
Uttrakhand,Brinjal,750.0
Uttrakhand,Carrot,620.0
Uttrakhand,Cauliflower,700.0
Uttrakhand,French Beans (Frasbean),1150.0
Uttrakhand,Ginger(Green),2700.0
Uttrakhand,Green Chilli,1500.0
Uttrakhand,Mousambi(Sweet Lime),1500.0
Uttrakhand,Onion,2300.0
Uttrakhand,Potato,550.0
Uttrakhand,Pumpkin,590.0
Uttrakhand,Raddish,390.0
Uttrakhand,Tomato,1380.0
Uttrakhand,Bottle Gourd,550.0
Uttrakhand,Carrot,600.0
Uttrakhand,Cauliflower,450.0
Uttrakhand,Onion,800.0
Uttrakhand,Orange,2000.0
Uttrakhand,Potato,350.0
Uttrakhand,Raddish,350.0
Uttrakhand,Cabbage,500.0
Uttrakhand,Green Peas,1200.0
Uttrakhand,Onion,900.0
Uttrakhand,Pumpkin,500.0
Uttrakhand,Cabbage,1000.0
Uttrakhand,Carrot,800.0
Uttrakhand,Green Chilli,1400.0
Uttrakhand,Pumpkin,900.0
Uttrakhand,Raddish,500.0
Uttrakhand,Tomato,1000.0
West Bengal,Mustard,3950.0
West Bengal,Onion,3500.0
West Bengal,Paddy(Dhan),1570.0
West Bengal,Potato,400.0
West Bengal,Rice,2550.0
West Bengal,Rice,2800.0
West Bengal,Wheat,1650.0
West Bengal,Brinjal,1000.0
West Bengal,Green Chilli,5500.0
West Bengal,Mustard,3900.0
West Bengal,Paddy(Dhan),1560.0
West Bengal,Potato,420.0
West Bengal,Rice,2750.0
West Bengal,Sweet Pumpkin,1000.0
West Bengal,Wheat,1600.0
West Bengal,Brinjal,900.0
West Bengal,Cucumbar(Kheera),1100.0
West Bengal,Paddy(Dhan),1550.0
West Bengal,Sweet Pumpkin,800.0
West Bengal,Tomato,800.0
West Bengal,Mustard,4000.0
West Bengal,Onion,2600.0
West Bengal,Onion,2300.0
West Bengal,Paddy(Dhan),1610.0
West Bengal,Potato,440.0
West Bengal,Rice,2500.0
West Bengal,Rice,2900.0
West Bengal,Wheat,1700.0
West Bengal,Arhar Dal(Tur Dal),7000.0
West Bengal,Black Gram Dal (Urd Dal),6600.0
West Bengal,Brinjal,950.0
West Bengal,Green Chilli,5850.0
West Bengal,Mustard Oil,9340.0
West Bengal,Onion,4200.0
West Bengal,Paddy(Dhan),1370.0
West Bengal,Potato,430.0
West Bengal,Rice,2630.0
West Bengal,Wheat,1670.0
West Bengal,Black Gram (Urd Beans),7500.0
West Bengal,Brinjal,2000.0
West Bengal,Lentil(Masur),7000.0
West Bengal,Onion,3600.0
West Bengal,Potato,700.0
West Bengal,Cabbage,1200.0
West Bengal,Brinjal,1100.0
West Bengal,Green Chilli,5300.0
West Bengal,Jute,3350.0
West Bengal,Onion,3300.0
West Bengal,Potato,390.0
West Bengal,Rice,3350.0
West Bengal,Rice,2450.0
West Bengal,Tomato,1500.0
West Bengal,Bitter Gourd,4600.0
West Bengal,Cucumbar(Kheera),2000.0
West Bengal,Green Chilli,5000.0
West Bengal,Paddy(Dhan),1670.0
West Bengal,Potato,460.0
West Bengal,Rice,2400.0
West Bengal,Rice,2670.0
West Bengal,Sweet Pumpkin,1300.0
West Bengal,Tomato,1300.0
West Bengal,Brinjal,1050.0
West Bengal,Cabbage,300.0
West Bengal,Green Chilli,2600.0
West Bengal,Jute,4200.0
West Bengal,Mustard,3700.0
West Bengal,Potato,750.0
West Bengal,Cabbage,550.0
West Bengal,Cauliflower,1400.0
West Bengal,Green Chilli,4100.0
West Bengal,Potato,600.0
West Bengal,Brinjal,1300.0
West Bengal,Cabbage,500.0
West Bengal,Green Chilli,4000.0
West Bengal,Brinjal,1200.0
West Bengal,Cabbage,350.0
West Bengal,Green Chilli,3200.0
West Bengal,Brinjal,1400.0
West Bengal,Cauliflower,1300.0
West Bengal,Green Chilli,4200.0
West Bengal,Brinjal,1500.0
West Bengal,Cauliflower,1500.0
West Bengal,Green Chilli,4300.0
West Bengal,Cabbage,1400.0
West Bengal,Carrot,3700.0
West Bengal,French Beans (Frasbean),4300.0
West Bengal,Ginger(Green),3400.0
West Bengal,Potato,1600.0
West Bengal,Rice,2950.0
West Bengal,Squash(Chappal Kadoo),600.0
West Bengal,Tomato,2200.0
West Bengal,Carrot,2000.0
West Bengal,Cauliflower,2200.0
West Bengal,French Beans (Frasbean),3000.0
West Bengal,Onion,3400.0
West Bengal,Potato,2200.0
West Bengal,Rice,3000.0
West Bengal,Squash(Chappal Kadoo),1800.0
West Bengal,Tomato,2000.0
West Bengal,Green Chilli,6000.0
West Bengal,Onion,3000.0
West Bengal,Orange,12000.0
West Bengal,Orange,11000.0
West Bengal,Orange,10500.0
West Bengal,Paddy(Dhan),1700.0
West Bengal,Potato,650.0
West Bengal,Rice,2600.0
West Bengal,Squash(Chappal Kadoo),1400.0
West Bengal,Black Gram Dal (Urd Dal),7000.0
West Bengal,Masur Dal,6500.0
West Bengal,Onion,3200.0
West Bengal,Tomato,1000.0
West Bengal,Cabbage,600.0
West Bengal,Rice,2850.0
West Bengal,Bitter Gourd,4500.0
West Bengal,Brinjal,850.0
West Bengal,Cabbage,525.0
West Bengal,Cauliflower,800.0
West Bengal,Potato,620.0
West Bengal,Tomato,900.0
West Bengal,Onion,2950.0
West Bengal,Potato,520.0
West Bengal,Potato,500.0
West Bengal,Black Gram (Urd Beans),6300.0
West Bengal,Cabbage,620.0
West Bengal,Green Gram (Moong),7700.0
West Bengal,Lentil(Masur),6100.0
West Bengal,Onion,2750.0
West Bengal,Potato,1000.0
West Bengal,Rice,3500.0
West Bengal,Arhar (Tur/Red Gram),5450.0
West Bengal,Black Gram (Urd Beans),3650.0
West Bengal,Brinjal,600.0
West Bengal,Cauliflower,650.0
West Bengal,Jute,3550.0
West Bengal,Lentil(Masur),3950.0
West Bengal,Rice,3450.0
West Bengal,Black Gram (Urd Beans),3500.0
West Bengal,Jute,3600.0
West Bengal,Mustard,2700.0
West Bengal,Mustard,2800.0
West Bengal,Onion,3100.0
West Bengal,Paddy(Dhan),1600.0
West Bengal,Paddy(Dhan),2200.0
West Bengal,Potato,900.0
West Bengal,Rice,3400.0
West Bengal,Jute,3200.0
West Bengal,Potato,450.0
West Bengal,Rice,2700.0
West Bengal,Brinjal,1600.0
West Bengal,Onion,4000.0
West Bengal,Paddy(Dhan),1430.0
West Bengal,Paddy(Dhan),1530.0
West Bengal,Gur(Jaggery),3000.0
West Bengal,Jute,3050.0
West Bengal,Mustard,3750.0
West Bengal,Potato,470.0
West Bengal,Bitter Gourd,9000.0
West Bengal,Green Chilli,7000.0
West Bengal,Lentil(Masur),7800.0
West Bengal,Mustard,3675.0
West Bengal,Paddy(Dhan),1440.0
West Bengal,Rice,2490.0
West Bengal,Wheat,1675.0
West Bengal,Potato,660.0
West Bengal,Wheat,1750.0
West Bengal,Jute,3400.0
West Bengal,Rice,2880.0
West Bengal,Wheat,1850.0
West Bengal,Green Chilli,4400.0
West Bengal,Jute,3450.0
West Bengal,Onion,3150.0
West Bengal,Potato,480.0
West Bengal,Rice,3700.0
West Bengal,Cabbage,700.0
West Bengal,Cauliflower,500.0
West Bengal,Sweet Pumpkin,900.0
West Bengal,Potato,630.0
West Bengal,Brinjal,2500.0
West Bengal,Green Chilli,3100.0
West Bengal,Jute,3500.0
West Bengal,Paddy(Dhan),2100.0
West Bengal,Potato,540.0
West Bengal,Green Chilli,4600.0
West Bengal,Onion,3250.0
West Bengal,Pumpkin,950.0
West Bengal,Rice,4000.0
West Bengal,Tomato,1150.0
West Bengal,Brinjal,1800.0
West Bengal,Green Chilli,3800.0
West Bengal,Pumpkin,1200.0
West Bengal,Rice,3100.0
West Bengal,Tomato,1600.0
West Bengal,Brinjal,700.0
West Bengal,Green Chilli,3900.0
West Bengal,Pumpkin,750.0
West Bengal,Tomato,1200.0
West Bengal,Brinjal,1250.0
West Bengal,Potato,370.0
West Bengal,Rice,2640.0
West Bengal,Tomato,650.0
West Bengal,Potato,380.0
West Bengal,Rice,2620.0
West Bengal,Jute,4100.0
West Bengal,Potato,800.0
West Bengal,Jute,4000.0
West Bengal,Rice,3250.0
